osm_id,code,fclass,name,type,geometry,Latitude,Longitude
3113,1500,building,,hospital,"POLYGON ((-79.3997483 43.6596444, -79.3993673 43.6597186, -79.3990069 43.6597887, -79.3988056 43.6592505, -79.3992041 43.6591694, -79.3992192 43.6591663, -79.3992322 43.6591637, -79.3992406 43.659162, -79.3995365 43.6591031, -79.3995405 43.6591134, -79.3997483 43.6596444), (-79.3995338 43.6596022, -79.3994097 43.659273, -79.3990313 43.6593452, -79.3991539 43.6596767, -79.3995338 43.6596022))",43.65943432,-79.39927179
12872384,1500,building,,hospital,"POLYGON ((-79.3995177 43.6588946, -79.3990495 43.6589872, -79.3990336 43.6589903, -79.3990228 43.6589924, -79.3986705 43.6590621, -79.3985957 43.6588642, -79.398771 43.6588295, -79.3987342 43.6587321, -79.3986689 43.658745, -79.3986617 43.6587262, -79.3986409 43.6587303, -79.3985636 43.6585256, -79.3989424 43.6584507, -79.3988986 43.6583346, -79.3989686 43.6583208, -79.3990453 43.6583056, -79.3990887 43.6584205, -79.3992049 43.6583975, -79.3991881 43.658353, -79.3993299 43.6583249, -79.3993498 43.6583775, -79.3994303 43.6585907, -79.3992996 43.6586165, -79.3992682 43.6586227, -79.3993058 43.658722, -79.3994422 43.658695, -79.3995177 43.6588946))",43.65869837,-79.39902829
26236139,1500,building,,hospital,"POLYGON ((-79.4516206 43.8710529, -79.4513835 43.8710957, -79.4514199 43.871189, -79.4511185 43.8712525, -79.4510709 43.8711391, -79.4509133 43.8711688, -79.4508792 43.8710614, -79.4508671 43.8710152, -79.4507281 43.8710427, -79.4507133 43.8709961, -79.4505413 43.8710279, -79.4504958 43.870935, -79.4505518 43.8709268, -79.4504662 43.8707351, -79.4506324 43.870699, -79.4505965 43.8706078, -79.4502641 43.870668, -79.4502365 43.8705961, -79.4501838 43.870467, -79.4503406 43.870432, -79.4502161 43.8701367, -79.4504952 43.8700755, -79.4504857 43.8700477, -79.4505575 43.8700339, -79.4505095 43.8699176, -79.4503484 43.869951, -79.4503284 43.8699371, -79.4502859 43.8699462, -79.4503131 43.8699925, -79.4501253 43.8700236, -79.4501205 43.8699789, -79.4500909 43.8699844, -79.4499962 43.8697293, -79.450401 43.8696513, -79.4501767 43.8691369, -79.4501354 43.8691463, -79.4500927 43.8690492, -79.4495943 43.8691668, -79.4495404 43.8690562, -79.4500072 43.868946, -79.44997 43.8688456, -79.4502003 43.8687985, -79.4502168 43.868837, -79.450696 43.8687306, -79.4507433 43.8688672, -79.450695 43.868879, -79.450696 43.868887, -79.4502824 43.8689752, -79.4505526 43.8696003, -79.4508402 43.8694996, -79.4507219 43.8693289, -79.4508976 43.8692522, -79.4510329 43.869449, -79.4509259 43.8694943, -79.450977 43.8695772, -79.4507906 43.8696438, -79.4509386 43.8699598, -79.4508657 43.8699799, -79.4509963 43.8703108, -79.4512295 43.8702677, -79.4513204 43.8704785, -79.4513745 43.8706111, -79.4514261 43.8705993, -79.4516206 43.8710529))",43.87016277,-79.45070479
31825723,1500,building,,hospital,"POLYGON ((-79.3894249 43.6588368, -79.3893467 43.6588441, -79.3891854 43.6588799, -79.3891942 43.6589011, -79.389076 43.6589274, -79.3890212 43.6589395, -79.3886756 43.6590165, -79.3888017 43.6592814, -79.3882054 43.6594143, -79.3881701 43.6593673, -79.3880681 43.6593878, -79.3879478 43.6594119, -79.387813 43.6590813, -79.3877882 43.6590146, -79.3877271 43.6590293, -79.3876995 43.6590217, -79.3877153 43.6590011, -79.3877478 43.6589922, -79.3877415 43.6589747, -79.3877655 43.6589481, -79.387597 43.6585531, -79.3874935 43.6585774, -79.3874749 43.6585343, -79.3874096 43.6585482, -79.3873947 43.6585117, -79.3871343 43.6585709, -79.3871883 43.6587016, -79.3869717 43.6587486, -79.3868872 43.6585454, -79.3868208 43.6585594, -79.3867142 43.6583101, -79.3868479 43.6582827, -79.3868412 43.6582648, -79.3868829 43.6582566, -79.3868899 43.6582746, -79.3873337 43.6581772, -79.3874411 43.6584263, -79.3875175 43.6584086, -79.387561 43.6585055, -79.3876107 43.6584947, -79.3876171 43.6585102, -79.3876546 43.6585015, -79.3876529 43.6584624, -79.3876147 43.6584707, -79.3875637 43.6583548, -79.3875222 43.6582561, -79.3877622 43.6582034, -79.387754 43.6581848, -79.3876851 43.6581825, -79.3876279 43.6581716, -79.3876489 43.6581109, -79.3876655 43.6580629, -79.3877561 43.6580755, -79.3878702 43.658068, -79.3879691 43.6580316, -79.3880508 43.6579798, -79.3880981 43.6580092, -79.3881667 43.6580517, -79.388115 43.6580918, -79.388059 43.6581204, -79.3880642 43.6581338, -79.3883529 43.6580743, -79.3884304 43.65825, -79.3885075 43.6582341, -79.388526 43.6582303, -79.388437 43.6580123, -79.388775 43.6579445, -79.3887592 43.6579044, -79.3891497 43.6578175, -79.3892769 43.6581327, -79.3893784 43.658386, -79.3891617 43.6584351, -79.3892244 43.6585891, -79.3892979 43.658572, -79.3893778 43.6587408, -79.3894249 43.6588368))",43.65858044,-79.38829854
32167619,1500,building,,hospital,"POLYGON ((-79.5998244 43.7296222, -79.5996299 43.7296745, -79.5997506 43.7299459, -79.5992397 43.7300622, -79.5991203 43.7298005, -79.598836 43.7298674, -79.5988548 43.7299052, -79.5979428 43.7301155, -79.5978355 43.7298693, -79.5979272 43.7298479, -79.5978677 43.729723, -79.5976894 43.7297627, -79.5976042 43.7295703, -79.5975485 43.7295839, -79.5975157 43.7295166, -79.5975752 43.7295031, -79.5975418 43.7294318, -79.5975103 43.7294371, -79.597446 43.7292971, -79.5974808 43.7292917, -79.5974533 43.7292384, -79.5977343 43.7291677, -79.5977142 43.7291352, -79.5977591 43.7291236, -79.5977718 43.7291507, -79.5980651 43.7290821, -79.5982815 43.7290315, -79.5982667 43.7290039, -79.598313 43.7289928, -79.5983338 43.7290349, -79.5986201 43.7289666, -79.5986291 43.7289872, -79.5988508 43.7289438, -79.5990077 43.7290281, -79.5990613 43.7291522, -79.5991002 43.7291415, -79.5992517 43.7294671, -79.5997211 43.7293625, -79.5997828 43.729503, -79.5998244 43.7296222))",43.72953365,-79.59859094
34188784,1500,building,Odette Cancer Centre - T Wing,hospital,"POLYGON ((-79.3785626 43.7209302, -79.378237 43.7209953, -79.3782307 43.7209787, -79.3781081 43.7210032, -79.378115 43.7210212, -79.3779234 43.7210595, -79.3778641 43.7209046, -79.3777896 43.7209195, -79.3777875 43.720914, -79.3777763 43.7208846, -79.3778519 43.7208695, -79.3777665 43.7206476, -79.3777614 43.720633, -79.3777432 43.7205917, -79.3777255 43.720539, -79.3776621 43.7205516, -79.3776146 43.7204275, -79.3779859 43.7203533, -79.3783937 43.7202718, -79.3784374 43.720386, -79.3783604 43.7204014, -79.3785626 43.7209302))",43.72066231,-79.37811493
34614040,1500,building,H Wing,hospital,"POLYGON ((-79.374733 43.7226176, -79.3746904 43.7226264, -79.3747257 43.7227163, -79.3745708 43.7227462, -79.3745535 43.7227038, -79.3745354 43.7226595, -79.3739062 43.722785, -79.3739371 43.7228712, -79.3737791 43.722905, -79.373777 43.7228999, -79.373775 43.7228949, -79.3736619 43.7226168, -79.3736481 43.7225829, -79.3736698 43.7225788, -79.3736567 43.7225426, -79.3737715 43.7225194, -79.373784 43.7225169, -79.3737881 43.7225293, -79.3737906 43.722536, -79.373794 43.7225479, -79.3737959 43.7225519, -79.3738116 43.7225489, -79.373817 43.7225625, -79.3738602 43.7226723, -79.3741037 43.7226221, -79.3740991 43.7226106, -79.3742071 43.7225879, -79.3742461 43.7225797, -79.3742501 43.7225918, -79.3744931 43.7225421, -79.3743811 43.7222576, -79.3743707 43.7222311, -79.3743527 43.7221855, -79.3743965 43.7221765, -79.3744421 43.7221672, -79.374482 43.722159, -79.3744984 43.7222007, -79.3744999 43.7222045, -79.3746253 43.7225231, -79.3746905 43.7225096, -79.3747077 43.7225518, -79.3747102 43.7225595, -79.3747174 43.7225776, -79.374733 43.7226176))",43.72260147,-79.3742234
34614041,1500,building,G Wing,hospital,"POLYGON ((-79.3729639 43.7229112, -79.3729326 43.7229176, -79.3729122 43.722922, -79.3729293 43.7229647, -79.3726499 43.7230192, -79.3726423 43.7230207, -79.3726351 43.7230018, -79.3724828 43.7230317, -79.3725182 43.7231094, -79.3723624 43.7231488, -79.372195 43.7226873, -79.3722401 43.7226756, -79.3722943 43.7226624, -79.3722748 43.7226204, -79.3724229 43.7225863, -79.3724566 43.7226447, -79.3728413 43.7225129, -79.372892 43.7226086, -79.3728749 43.7226121, -79.3728553 43.7226161, -79.3728374 43.7226198, -79.3728541 43.7226509, -79.372737 43.7226923, -79.372727 43.7226743, -79.3725077 43.7227517, -79.3725202 43.722777, -79.3724249 43.7228057, -79.3724603 43.7228962, -79.3724728 43.7229282, -79.3725478 43.7229137, -79.3725962 43.7229044, -79.3726158 43.7229006, -79.3728807 43.72285, -79.3728847 43.7228606, -79.3729391 43.7228499, -79.3729639 43.7229112))",43.72282174,-79.37253214
139725,1500,building,George Hees (L) Wing,hospital,"POLYGON ((-79.376499 43.7228348, -79.3762637 43.7228827, -79.3762475 43.72285, -79.3761603 43.7228651, -79.3761911 43.7229078, -79.3761521 43.72292, -79.3762381 43.7230562, -79.3763109 43.7231708, -79.3763493 43.7233094, -79.3763897 43.723556, -79.3763382 43.7235609, -79.3761451 43.7235719, -79.3759597 43.723609, -79.3759425 43.7236124, -79.3759063 43.7236198, -79.3758906 43.7236229, -79.3758791 43.7236252, -79.3758025 43.7236405, -79.3758067 43.723653, -79.375723 43.7236898, -79.3755461 43.723461, -79.3754764 43.7232751, -79.3754385 43.7230417, -79.3754242 43.7230405, -79.3754018 43.7230386, -79.3753707 43.723036, -79.3753567 43.7231138, -79.3753009 43.7231123, -79.3752773 43.7231142, -79.3751414 43.7231253, -79.375054 43.7229278, -79.3754269 43.7228502, -79.3754068 43.7228017, -79.3754663 43.7228118, -79.3755226 43.7228236, -79.3755732 43.7228248, -79.3756234 43.7228262, -79.3757718 43.72281, -79.3758837 43.7227655, -79.3758938 43.7228068, -79.3759343 43.7227936, -79.3759769 43.7228115, -79.3759947 43.7228088, -79.3759885 43.7227492, -79.3763216 43.7226871, -79.376427 43.7226674, -79.376499 43.7228348), (-79.3761398 43.7233965, -79.3761032 43.7233005, -79.3760409 43.7233129, -79.3759983 43.7232011, -79.3760752 43.7231858, -79.37603 43.7230674, -79.3759764 43.7230781, -79.3759307 43.7229584, -79.3756725 43.7230098, -79.3757224 43.7231404, -79.3756636 43.7231521, -79.3757039 43.7232575, -79.3757875 43.7232408, -79.3758291 43.7233499, -79.3757545 43.7233648, -79.3757929 43.7234656, -79.3761398 43.7233965))",43.72314287,-79.37585158
39688699,1500,building,,hospital,"POLYGON ((-79.4053752 43.8204057, -79.4050537 43.8207535, -79.4039359 43.820737, -79.4039339 43.8205886, -79.4049003 43.8205901, -79.4051633 43.8203213, -79.4053752 43.8204057))",43.82061543,-79.40470496
43804629,1500,building,,hospital,"POLYGON ((-79.3913282 43.658314, -79.3912796 43.6583234, -79.3912865 43.6583436, -79.3912303 43.658355, -79.3912377 43.6583741, -79.3911087 43.6584024, -79.3907872 43.6584728, -79.3906762 43.6584971, -79.3903148 43.658577, -79.3902713 43.6585409, -79.3902448 43.6584936, -79.3902181 43.6584201, -79.3902114 43.6584214, -79.3901905 43.6583705, -79.3901969 43.6583692, -79.3901687 43.6583033, -79.3901485 43.6582527, -79.3901376 43.658255, -79.3900981 43.6581631, -79.3900787 43.6581672, -79.3900647 43.6581701, -79.3900622 43.6581645, -79.3900595 43.6581584, -79.3900479 43.658161, -79.3900331 43.6581268, -79.3900445 43.6581241, -79.3900416 43.6581175, -79.3900391 43.6581118, -79.3900532 43.6581089, -79.3900728 43.6581046, -79.39004 43.6580263, -79.3901323 43.6580062, -79.3901266 43.6579931, -79.3902779 43.6579594, -79.3903043 43.6579538, -79.3903438 43.6579442, -79.3904 43.6579322, -79.3907725 43.6578526, -79.3910017 43.6578036, -79.3910131 43.6578318, -79.3910734 43.6578194, -79.3910835 43.6578458, -79.3911288 43.6578367, -79.3913282 43.658314))",43.65818257,-79.39068532
43805321,1500,building,,hospital,"POLYGON ((-79.3909552 43.6577415, -79.3906961 43.657801, -79.3904084 43.6578671, -79.3903188 43.6578877, -79.3903438 43.6579442, -79.3903043 43.6579538, -79.3902787 43.657897, -79.3900563 43.6579481, -79.3899637 43.6577333, -79.3898953 43.6577479, -79.3897484 43.657402, -79.3898208 43.6573859, -79.3897333 43.6571752, -79.3898153 43.6571564, -79.3900765 43.6570964, -79.3901211 43.6570861, -79.3903766 43.6570303, -79.3906188 43.6569773, -79.3907913 43.65736, -79.3909552 43.6577415))",43.65746624,-79.39032448
43805957,1500,building,,hospital,"POLYGON ((-79.3906058 43.6568867, -79.3903197 43.6569493, -79.390315 43.6569386, -79.390085 43.656989, -79.3899547 43.6570175, -79.3897752 43.6570567, -79.3897042 43.6568867, -79.3896116 43.6569076, -79.3895392 43.6567368, -79.3896324 43.6567159, -79.3895402 43.6564986, -79.3895022 43.6564081, -79.389686 43.6563692, -79.3897181 43.6564482, -79.3897237 43.6564624, -79.3897455 43.6564583, -79.3897377 43.6564372, -79.3897756 43.6564292, -79.3897645 43.6564039, -79.3903279 43.6562786, -79.390374 43.6563846, -79.3903945 43.6563807, -79.3904153 43.6564273, -79.3903948 43.6564317, -79.3904381 43.6565309, -79.3904518 43.6565283, -79.3906058 43.6568867))",43.65667042,-79.39004173
43806455,1500,building,Bellwood Health Sciences,hospital,"POLYGON ((-79.3664778 43.7195099, -79.366383 43.7195955, -79.3663751 43.7196659, -79.3663909 43.7197401, -79.3664646 43.7197496, -79.3664462 43.7197953, -79.3663172 43.7197782, -79.366104 43.7198314, -79.3661596 43.7198762, -79.3658507 43.7200828, -79.3654278 43.7197521, -79.3656013 43.7196477, -79.3658187 43.7198141, -79.3659628 43.7197225, -79.3660195 43.7197207, -79.3660261 43.7196896, -79.3661593 43.7197039, -79.3661672 43.719624, -79.3661882 43.7195631, -79.3662488 43.7194642, -79.3662224 43.7194452, -79.3662698 43.7193253, -79.3663462 43.7193957, -79.3663725 43.7193748, -79.3664699 43.7194585, -79.3664489 43.7194775, -79.3664778 43.7195099))",43.71975216,-79.366008
43807731,1500,building,,hospital,"POLYGON ((-79.4336499 43.6353299, -79.4331813 43.6354229, -79.4330673 43.6351458, -79.4329904 43.6351615, -79.4329166 43.6349752, -79.4325402 43.6350495, -79.432408 43.6347114, -79.4328827 43.6346047, -79.4329801 43.6348669, -79.4332304 43.63482, -79.433281 43.6347598, -79.4333981 43.634733, -79.4334327 43.6348116, -79.4333816 43.6348792, -79.4334297 43.6350005, -79.4335205 43.6349833, -79.4336499 43.6353299))",43.63499771,-79.43306802
43807850,1500,building,,hospital,"POLYGON ((-79.3710093 43.719252, -79.3707813 43.7194271, -79.3707052 43.7193753, -79.370651 43.7194169, -79.3705337 43.7193371, -79.3704604 43.7193934, -79.3703719 43.7193332, -79.3702708 43.7194108, -79.3700663 43.7192717, -79.3696447 43.7195955, -79.3695501 43.7195641, -79.3695259 43.7195825, -79.3694407 43.7195347, -79.3694409 43.7194871, -79.3693944 43.719487, -79.3693947 43.7194235, -79.3694413 43.7194236, -79.3694416 43.7193635, -79.3693924 43.7193633, -79.3693927 43.7193013, -79.3694339 43.7193014, -79.3694342 43.7192447, -79.3693897 43.7192446, -79.36939 43.7191805, -79.3694286 43.7191805, -79.3694288 43.7191246, -79.3693875 43.7191245, -79.3693877 43.7190754, -79.369579 43.7189564, -79.3699279 43.7191936, -79.370413 43.7188211, -79.3704625 43.7188548, -79.3705284 43.7188042, -79.3705928 43.718848, -79.3705095 43.718912, -79.3710093 43.719252))",43.71921489,-79.37012168
43809864,1500,building,Mount Sinai Hospital,hospital,"POLYGON ((-79.3922783 43.6581167, -79.3921664 43.6581393, -79.3921604 43.6581223, -79.3918855 43.6581803, -79.3918141 43.6581949, -79.3918198 43.6582099, -79.3915584 43.6582648, -79.3915496 43.6582468, -79.3914749 43.6582623, -79.3914336 43.6581618, -79.3912833 43.657796, -79.3912425 43.6576966, -79.3913191 43.6576806, -79.3913119 43.6576631, -79.3915801 43.6576055, -79.3915856 43.6576191, -79.391654 43.6576042, -79.3916649 43.6576291, -79.3920451 43.6575483, -79.3922783 43.6581167))",43.65790351,-79.39175351
43809965,1500,building,Michael Garron Hospital,hospital,"POLYGON ((-79.3261938 43.6901821, -79.3260503 43.6902572, -79.3257514 43.6899372, -79.3257187 43.6899445, -79.3257 43.6899042, -79.3254985 43.6899438, -79.3255565 43.6901011, -79.3255704 43.6900982, -79.3257026 43.690071, -79.3258327 43.6903976, -79.3256763 43.6904296, -79.3256162 43.6902827, -79.3253964 43.6903293, -79.3253519 43.6902131, -79.3254056 43.6902014, -79.3253694 43.6901137, -79.3253788 43.6901117, -79.3253251 43.6899812, -79.3252869 43.6899891, -79.3252959 43.6900126, -79.3252016 43.6900315, -79.325249 43.6901488, -79.325344 43.6903912, -79.3254435 43.6906438, -79.325067 43.6907267, -79.3246371 43.6908213, -79.3246189 43.6907762, -79.3246627 43.6907662, -79.3244775 43.6903178, -79.3243747 43.69034, -79.3241168 43.689707, -79.3240781 43.6897154, -79.323724 43.6897925, -79.3235711 43.6894134, -79.3239069 43.6893447, -79.3240216 43.689624, -79.3240415 43.6896199, -79.3241724 43.6895929, -79.3242257 43.6895812, -79.3242157 43.689556, -79.3241966 43.6895601, -79.3240638 43.6895886, -79.3239632 43.6893321, -79.3243078 43.6892591, -79.324411 43.6895073, -79.3244682 43.689494, -79.324488 43.6895432, -79.3245067 43.6895389, -79.3246647 43.6899258, -79.3246686 43.6899348, -79.3245835 43.6899529, -79.3246146 43.690024, -79.3252396 43.6898893, -79.3252312 43.6898681, -79.325246 43.6898649, -79.3252788 43.6898579, -79.3252668 43.6898293, -79.3251345 43.6895132, -79.3252938 43.6894764, -79.3254252 43.6897945, -79.3256632 43.6897418, -79.3256749 43.6893371, -79.3258496 43.6893381, -79.3258432 43.6897171, -79.3258507 43.6897417, -79.3258665 43.6897935, -79.3258771 43.6898285, -79.3258958 43.6898898, -79.3261938 43.6901821))",43.69001722,-79.32487435
43810889,1500,building,,hospital,"POLYGON ((-79.3823211 43.6652599, -79.3822912 43.6653027, -79.382052 43.6653507, -79.3819085 43.6650083, -79.3821884 43.6649461, -79.3821998 43.6649723, -79.3823144 43.6652425, -79.3823211 43.6652599))",43.66514869,-79.3821202
55947533,1500,building,,hospital,"POLYGON ((-79.3097545 43.8021142, -79.3095074 43.8021689, -79.3095806 43.8023409, -79.3090188 43.8024653, -79.3089453 43.8022926, -79.3086547 43.8023569, -79.3085115 43.8020199, -79.3087403 43.8019693, -79.3086636 43.8017887, -79.3084067 43.8018455, -79.3082562 43.8014915, -79.3086218 43.8014105, -79.3087296 43.8016642, -79.3091132 43.8015792, -79.3090141 43.8013462, -79.3093878 43.8012635, -79.3095236 43.801583, -79.3092813 43.8016366, -79.3093618 43.801826, -79.3096088 43.8017713, -79.3097545 43.8021142))",43.80189491,-79.30905104
61760233,1500,building,,hospital,"POLYGON ((-79.3878502 43.6620743, -79.387368 43.6621765, -79.387269 43.6621981, -79.3870391 43.6622482, -79.3869785 43.6622614, -79.3869214 43.662274, -79.3866321 43.6615616, -79.3869616 43.6614926, -79.387085 43.6614682, -79.3870964 43.6614978, -79.387433 43.6614269, -79.387427 43.6614119, -79.3875788 43.6613793, -79.3876218 43.6614943, -79.3875952 43.6614998, -79.3876248 43.6615773, -79.3876724 43.6615676, -79.3877006 43.6616443, -79.3877651 43.6616307, -79.3877951 43.6616244, -79.3878198 43.6616864, -79.3878501 43.6617626, -79.3877089 43.6617934, -79.3877106 43.6617975, -79.3877391 43.6617911, -79.3878502 43.6620743))",43.66182294,-79.38725379
66979644,1500,building,,hospital,"POLYGON ((-79.4484407 43.7723373, -79.4483907 43.7724099, -79.4479523 43.7724846, -79.4478934 43.772474, -79.4478375 43.7725273, -79.4477316 43.7725082, -79.4476904 43.7725551, -79.4473607 43.772423, -79.4473372 43.772455, -79.4472165 43.772406, -79.44724 43.772374, -79.447184 43.7723186, -79.447354 43.7720825, -79.4469248 43.7719092, -79.4467571 43.7719967, -79.4464951 43.7718859, -79.4467745 43.7715104, -79.4467274 43.7715019, -79.4470067 43.7711265, -79.4474247 43.7712564, -79.4475572 43.7713438, -79.4474131 43.7715443, -79.4474985 43.771587, -79.447669 43.7713459, -79.4477985 43.7713693, -79.4478691 43.7713096, -79.4481782 43.7714289, -79.4481047 43.7715335, -79.4482048 43.7715697, -79.4481401 43.7716486, -79.4480842 43.7716294, -79.4478901 43.7719025, -79.4481756 43.7720175, -79.4480845 43.772137, -79.4479726 43.7720986, -79.4479462 43.7721392, -79.4484407 43.7723373))",43.77184024,-79.44747693
115040395,1500,building,,hospital,"POLYGON ((-79.3747126 43.7186076, -79.3742782 43.718693, -79.3742526 43.7186287, -79.3740602 43.7186685, -79.3740732 43.7187062, -79.3735353 43.7188114, -79.3735194 43.718769, -79.3734847 43.7187756, -79.3734881 43.7187874, -79.3733226 43.7188193, -79.373293 43.7187523, -79.3732904 43.7186971, -79.3733294 43.7184789, -79.3738807 43.7183672, -79.3738508 43.7182845, -79.3738244 43.7182117, -79.3738885 43.7181994, -79.3738942 43.7181983, -79.3739557 43.7183566, -79.3741378 43.7183215, -79.3739893 43.7179409, -79.3739546 43.7179477, -79.3735464 43.7180258, -79.3735212 43.717957, -79.3739286 43.7178791, -79.3738678 43.7177181, -79.3740468 43.7176793, -79.3740549 43.7176999, -79.3743423 43.7176406, -79.3746034 43.7183246, -79.3746778 43.718519, -79.3747126 43.7186076))",43.71831566,-79.37406198
124408234,1500,building,Creche - Q Wing,hospital,"POLYGON ((-79.3722382 43.721322, -79.3721598 43.7213522, -79.3721498 43.7213561, -79.3721378 43.7213607, -79.3720626 43.7213897, -79.371788 43.7210179, -79.3719637 43.7209501, -79.3721829 43.721247, -79.3721882 43.7212543, -79.3722382 43.721322))",43.72116989,-79.37201311
163858438,1500,building,Wellspring Centre,hospital,"POLYGON ((-79.378445 43.72371, -79.378291 43.723742, -79.378275 43.723704, -79.378228 43.723714, -79.378189 43.723617, -79.378238 43.723607, -79.378222 43.723569, -79.378375 43.723537, -79.3784 43.723599, -79.378426 43.723594, -79.3784351 43.7236177, -79.378444 43.723641, -79.378419 43.723646, -79.3784238 43.7236578, -79.378445 43.72371))",43.72364191,-79.3783221
171259796,1500,building,,hospital,"POLYGON ((-79.509996 43.687872, -79.509962 43.687915, -79.509984 43.687924, -79.509961 43.687952, -79.50994 43.687943, -79.50991 43.687983, -79.509544 43.687833, -79.509644 43.687703, -79.509666 43.687701, -79.509799 43.687755, -79.50977 43.687792, -79.509817 43.687811, -79.509865 43.687749, -79.509933 43.687777, -79.509892 43.687829, -79.509996 43.687872))",43.68783991,-79.50977546
185734198,1500,building,R Wing,hospital,"POLYGON ((-79.3762468 43.7206502, -79.3761413 43.7206707, -79.3761363 43.7206573, -79.3760824 43.7206678, -79.3760859 43.7206772, -79.3759502 43.7207037, -79.3759522 43.720709, -79.3759175 43.7207158, -79.3759106 43.7206974, -79.3758339 43.7207124, -79.3758154 43.7206629, -79.3757843 43.7205797, -79.3761908 43.7205003, -79.3762468 43.7206502))",43.72061136,-79.37601742
2861046,1500,building,Runnymede Healthcare Centre,hospital,"POLYGON ((-79.4816693 43.664917, -79.4815326 43.6649466, -79.4815558 43.6650029, -79.4813742 43.6650422, -79.4813512 43.6649865, -79.4812527 43.6650079, -79.4811921 43.6648614, -79.4810971 43.664882, -79.4811238 43.6649465, -79.4809191 43.6649908, -79.4808893 43.6649186, -79.4807714 43.6649441, -79.4807397 43.6648704, -79.4807696 43.6648636, -79.4807409 43.664797, -79.4807116 43.6648036, -79.4806772 43.6647236, -79.4807142 43.6647153, -79.4806882 43.6646547, -79.4806582 43.6646615, -79.4806243 43.6645827, -79.4806653 43.6645735, -79.4806524 43.6645434, -79.4807308 43.6645258, -79.4807146 43.6644882, -79.4808262 43.6644631, -79.4808326 43.6644779, -79.4809848 43.6644436, -79.4810199 43.6645253, -79.4810846 43.664512, -79.4811548 43.6645233, -79.4812027 43.6645546, -79.4812953 43.6645333, -79.4812861 43.6645124, -79.481389 43.6644887, -79.4814018 43.664518, -79.4814374 43.6645099, -79.4814668 43.6645767, -79.4815145 43.6645657, -79.4815447 43.6646346, -79.4815214 43.664639, -79.4815487 43.6647053, -79.4815727 43.6647001, -79.4816044 43.6647767, -79.4815808 43.6647818, -79.4816092 43.6648505, -79.4816391 43.664844, -79.4816693 43.664917), (-79.4814857 43.6648492, -79.4814175 43.6646799, -79.4812576 43.6647166, -79.4812966 43.6648153, -79.4813298 43.6648195, -79.481359 43.6648435, -79.4813727 43.6648731, -79.4814857 43.6648492), (-79.4810077 43.6647178, -79.4809687 43.6646233, -79.4808147 43.6646586, -79.4808634 43.6647813, -79.4809083 43.6648137, -79.480998 43.6647926, -79.4809863 43.6647686, -79.4809882 43.664739, -79.4810077 43.6647178))",43.66473606,-79.48113762
220142984,1500,building,,hospital,"POLYGON ((-79.509077 43.688483, -79.508883 43.688414, -79.508732 43.688321, -79.508641 43.688398, -79.508521 43.688323, -79.508625 43.688232, -79.508813 43.688217, -79.509063 43.688371, -79.509077 43.688483))",43.68832997,-79.5088126
220142985,1500,building,,hospital,"POLYGON ((-79.508926 43.687807, -79.508815 43.687903, -79.508789 43.687887, -79.508749 43.687921, -79.508752 43.687944, -79.508781 43.687942, -79.508795 43.688051, -79.508763 43.688053, -79.508738 43.688076, -79.508741 43.688088, -79.5086 43.688099, -79.508596 43.688072, -79.508574 43.688073, -79.508525 43.688115, -79.50855 43.688131, -79.50844 43.688226, -79.508424 43.688216, -79.508346 43.688219, -79.508319 43.688243, -79.508161 43.688146, -79.508186 43.688124, -79.508178 43.688066, -79.508159 43.688055, -79.508269 43.687958, -79.508295 43.687975, -79.508318 43.687955, -79.508318 43.687937, -79.508288 43.687919, -79.508266 43.687938, -79.508135 43.687857, -79.50815 43.687844, -79.508146 43.687791, -79.50811 43.687769, -79.508246 43.687653, -79.508277 43.687672, -79.508354 43.687666, -79.508369 43.687655, -79.508501 43.687733, -79.508477 43.687755, -79.508504 43.687771, -79.508535 43.687767, -79.508557 43.687748, -79.508529 43.687731, -79.508641 43.687634, -79.508658 43.687645, -79.508739 43.68764, -79.508764 43.687618, -79.508924 43.687715, -79.508899 43.687736, -79.508907 43.687795, -79.508926 43.687807))",43.68790286,-79.50849731
220142986,1500,building,,hospital,"POLYGON ((-79.509898 43.68857, -79.509765 43.688689, -79.509732 43.688669, -79.509648 43.688677, -79.509636 43.688688, -79.509504 43.688607, -79.509529 43.688585, -79.509488 43.688561, -79.509451 43.688564, -79.509454 43.688584, -79.509303 43.688595, -79.5093 43.688573, -79.509263 43.688553, -79.509251 43.688555, -79.509235 43.688453, -79.509274 43.68845, -79.509271 43.688431, -79.509214 43.688398, -79.509192 43.688417, -79.509061 43.688337, -79.509076 43.688324, -79.509069 43.688269, -79.509038 43.68825, -79.509171 43.688134, -79.509201 43.688152, -79.509282 43.688146, -79.509296 43.688134, -79.509427 43.688214, -79.509404 43.688233, -79.509432 43.68825, -79.509462 43.688249, -79.509485 43.688229, -79.509456 43.688211, -79.509566 43.688116, -79.509583 43.688126, -79.509665 43.688121, -79.50969 43.688099, -79.509849 43.688195, -79.509825 43.688216, -79.509833 43.688278, -79.509847 43.688286, -79.509739 43.688382, -79.509711 43.688365, -79.509688 43.688386, -79.509691 43.688407, -79.509717 43.688423, -79.509742 43.688401, -79.509875 43.688481, -79.50986 43.688494, -79.509869 43.688553, -79.509898 43.68857))",43.68837851,-79.50950602
228919634,1500,building,Hennick Bridgepoint Health,hospital,"POLYGON ((-79.3558394 43.666926, -79.3553902 43.6670256, -79.3551169 43.6663672, -79.3550493 43.6662058, -79.3549204 43.6658977, -79.3549173 43.6658904, -79.3549102 43.6658739, -79.3548559 43.6657459, -79.354944 43.6657263, -79.3552712 43.6656535, -79.355347 43.6656369, -79.3554035 43.6656241, -79.3554356 43.6657006, -79.3556635 43.6662443, -79.3556431 43.6662487, -79.3555576 43.6662674, -79.3557357 43.6666935, -79.3557505 43.6667298, -79.3558394 43.666926))",43.66629679,-79.35535953
233181462,1500,building,,hospital,"POLYGON ((-79.4064516 43.6537561, -79.4063507 43.6537786, -79.4063393 43.653752, -79.4062435 43.6537725, -79.4062367 43.6537557, -79.4062184 43.6537595, -79.4059832 43.6538085, -79.4059643 43.6538124, -79.4059192 43.6537083, -79.4059469 43.6537023, -79.4059388 43.6536832, -79.4059092 43.6536891, -79.405878 43.6536953, -79.4058847 43.6537145, -79.4058779 43.653716, -79.4059156 43.6538113, -79.4058216 43.6538296, -79.4057947 43.6537627, -79.4057304 43.6537767, -79.4056282 43.6537983, -79.4056077 43.6538026, -79.4055956 43.6537755, -79.4055292 43.6537905, -79.4054501 43.6538085, -79.405442 43.653789, -79.4054036 43.653796, -79.4053707 43.6537132, -79.4053517 43.6536655, -79.4047629 43.6537909, -79.4047379 43.653729, -79.4047542 43.6537252, -79.4047131 43.6536653, -79.4046816 43.6536027, -79.4046588 43.6535305, -79.4046454 43.6534602, -79.4047152 43.653432, -79.404811 43.6534063, -79.4049123 43.6533883, -79.4050224 43.6533787, -79.4050586 43.653464, -79.4050903 43.6535386, -79.4052646 43.6535001, -79.4051665 43.6532641, -79.4051582 43.6532441, -79.4050003 43.6528365, -79.4049656 43.6527526, -79.4050189 43.6527412, -79.405017 43.652737, -79.4049986 43.6526957, -79.4049781 43.6526449, -79.4050571 43.6526283, -79.4052284 43.6525912, -79.4052511 43.6526474, -79.4052648 43.6526857, -79.4052689 43.6526957, -79.4054857 43.6526521, -79.4054953 43.6526748, -79.405489 43.6526768, -79.4055021 43.6527126, -79.4054962 43.6527137, -79.4055077 43.6527433, -79.4055203 43.6527899, -79.4055666 43.6527813, -79.4056104 43.6529036, -79.4057212 43.6529493, -79.4058983 43.6529088, -79.4059121 43.6529441, -79.4059875 43.6529288, -79.4061232 43.6529013, -79.4061322 43.6529245, -79.4061417 43.6529492, -79.4061841 43.6530585, -79.4061947 43.6530861, -79.4062012 43.6531028, -79.406379 43.6535619, -79.4063738 43.6535631, -79.4064516 43.6537561))",43.65331514,-79.40557825
3146466,1500,building,,hospital,"POLYGON ((-79.5640177 43.6095667, -79.5639399 43.609584, -79.5639447 43.6095954, -79.5639203 43.6096048, -79.5639089 43.6095908, -79.5632761 43.609731, -79.5632366 43.6096451, -79.563061 43.6096877, -79.5630709 43.6097308, -79.562859 43.6097816, -79.5628719 43.6098061, -79.5628347 43.6098168, -79.5628426 43.6098418, -79.5627736 43.609858, -79.5627593 43.6098376, -79.5626435 43.6098588, -79.562627 43.6098206, -79.5626917 43.6098052, -79.562634 43.6096644, -79.5625926 43.6096664, -79.5625691 43.6096088, -79.5624462 43.6096335, -79.5625187 43.6097915, -79.5624772 43.6097886, -79.562418 43.6096567, -79.5617955 43.6097969, -79.5617813 43.6097588, -79.5615802 43.6098042, -79.5615576 43.6097469, -79.5615441 43.6097497, -79.5615333 43.6097223, -79.5615468 43.6097195, -79.5615219 43.6096565, -79.5616644 43.6096228, -79.5618613 43.6095203, -79.5619228 43.6095676, -79.5622982 43.6094843, -79.5622835 43.6094544, -79.5622175 43.6094667, -79.5622106 43.6094367, -79.5621761 43.6094517, -79.5621646 43.6092834, -79.5620127 43.6092934, -79.562004 43.6092028, -79.5616612 43.6092814, -79.561502 43.6089413, -79.5616433 43.6089079, -79.5616327 43.6088422, -79.5620605 43.6087531, -79.5620741 43.6087761, -79.562098 43.608773, -79.5621025 43.6087386, -79.5621467 43.6087208, -79.5621805 43.6087207, -79.5622175 43.6087238, -79.5622518 43.6087352, -79.5622882 43.6087583, -79.5623117 43.6087831, -79.5623301 43.6088112, -79.5623348 43.6088399, -79.5623246 43.6088653, -79.562302 43.6089062, -79.5622815 43.6089129, -79.562307 43.6089859, -79.5623363 43.6089782, -79.5623366 43.6089459, -79.5624461 43.6089412, -79.56245 43.6089193, -79.5625189 43.6089217, -79.5627639 43.6089138, -79.5628261 43.6088505, -79.5627465 43.6086421, -79.563367 43.6085027, -79.5635692 43.6089145, -79.5630823 43.6090233, -79.5631186 43.6091018, -79.5632663 43.6090717, -79.5633115 43.609174, -79.5631641 43.6092084, -79.5631919 43.6092713, -79.5631652 43.6092793, -79.5631796 43.6093186, -79.5632111 43.6093146, -79.5638393 43.6091725, -79.5639214 43.6093453, -79.5640177 43.6095667), (-79.5637827 43.6094675, -79.5637272 43.60934, -79.563197 43.6094612, -79.563262 43.6096102, -79.5636538 43.6095207, -79.5636444 43.6094992, -79.5637827 43.6094675))",43.60922527,-79.56269365
431543703,1500,building,,hospital,"POLYGON ((-79.3536503 43.6658643, -79.353535 43.6658914, -79.3535484 43.6659302, -79.353484 43.6659419, -79.353374 43.6656644, -79.3534384 43.6656508, -79.3534411 43.6656664, -79.3535618 43.6656411, -79.3536503 43.6658643))",43.66577838,-79.35351268
435581853,1500,building,A Wing,hospital,"POLYGON ((-79.3774343 43.7212133, -79.377049 43.7212899, -79.3768391 43.7213317, -79.3768355 43.7213237, -79.3768225 43.7213264, -79.3766336 43.7213653, -79.3765753 43.7212171, -79.3763091 43.7212751, -79.3762926 43.7212787, -79.3762507 43.721173, -79.3762445 43.7211573, -79.3765385 43.7210965, -79.3764227 43.7208045, -79.3764746 43.720794, -79.3766032 43.7207677, -79.3767212 43.7210672, -79.3767377 43.7211108, -79.3767759 43.7212113, -79.3768579 43.7211952, -79.3771592 43.7211359, -79.3771166 43.7210349, -79.377191 43.7210204, -79.3772245 43.7210994, -79.3773352 43.7210757, -79.3773533 43.7211216, -79.3773969 43.7211129, -79.3774343 43.7212133))",43.72113637,-79.37677592
435581854,1500,building,C Wing,hospital,"POLYGON ((-79.3758318 43.7213735, -79.3750414 43.7215381, -79.3749902 43.7215485, -79.3749463 43.7214364, -79.374933 43.721403, -79.3749372 43.7214021, -79.3749449 43.7214005, -79.3749847 43.7213923, -79.3748349 43.7210164, -79.3751149 43.7209581, -79.3753909 43.7209006, -79.3756239 43.7208521, -79.3756588 43.7209397, -79.3757881 43.721264, -79.375823 43.7213515, -79.3758318 43.7213735))",43.72119994,-79.37532708
435581856,1500,building,D Wing,hospital,"POLYGON ((-79.3749902 43.7215485, -79.3749173 43.7215636, -79.3745679 43.7216349, -79.3745459 43.7216394, -79.3745012 43.7215258, -79.3746217 43.7215013, -79.3744478 43.7210649, -79.3747298 43.7210062, -79.3747691 43.7211047, -79.3747513 43.7211084, -79.3747656 43.7211443, -79.3747713 43.7211586, -79.3748737 43.7214154, -79.3749288 43.7214038, -79.374933 43.721403, -79.3749463 43.7214364, -79.3749902 43.7215485))",43.72133928,-79.3746939
435581857,1500,building,Dorothy Macham Home,hospital,"POLYGON ((-79.3766197 43.7237682, -79.3765101 43.7237934, -79.37653 43.7238565, -79.3764951 43.7238655, -79.3765151 43.7239303, -79.3763032 43.7239771, -79.3762385 43.7238204, -79.3761936 43.723833, -79.3761708 43.7237603, -79.3762032 43.7237513, -79.3761451 43.7235719, -79.3763382 43.7235609, -79.3763415 43.7235697, -79.3763783 43.7236685, -79.3765674 43.7236313, -79.3766197 43.7237682))",43.72375807,-79.37636619
435581858,1500,building,E Wing,hospital,"POLYGON ((-79.3745459 43.7216394, -79.3744914 43.7216506, -79.3743085 43.7216882, -79.3743404 43.7217691, -79.3743618 43.7217647, -79.3743729 43.7217943, -79.3743754 43.721801, -79.3743824 43.7218186, -79.3744942 43.7221014, -79.3744619 43.722108, -79.3744636 43.7221124, -79.374482 43.722159, -79.3744421 43.7221672, -79.3743965 43.7221765, -79.3743527 43.7221855, -79.374333 43.7221363, -79.3743137 43.7221401, -79.3743098 43.7221291, -79.3739826 43.7221964, -79.3739954 43.7222289, -79.3739763 43.7222328, -79.3739391 43.7222404, -79.3738249 43.7222629, -79.3738175 43.7222432, -79.3736853 43.7219118, -79.3736562 43.7218383, -79.3736985 43.7218296, -79.3736807 43.7217845, -79.3736709 43.7217599, -79.3736488 43.721704, -79.3740913 43.721613, -79.3740347 43.7214693, -79.3739826 43.7213368, -79.3741212 43.7213083, -79.374171 43.7212981, -79.3742786 43.7215715, -79.3745012 43.7215258, -79.3745459 43.7216394))",43.72184296,-79.37408799
435581859,1500,building,Emergency - B Wing,hospital,"POLYGON ((-79.3765385 43.7210965, -79.3762445 43.7211573, -79.3762507 43.721173, -79.3762926 43.7212787, -79.3761623 43.7213057, -79.3758318 43.7213735, -79.375823 43.7213515, -79.3757881 43.721264, -79.3756588 43.7209397, -79.3756239 43.7208521, -79.3756902 43.7208386, -79.3757387 43.720846, -79.3758154 43.7208619, -79.375877 43.7208784, -79.3759606 43.7209003, -79.376197 43.7208513, -79.3764227 43.7208045, -79.3765385 43.7210965))",43.72106418,-79.37606699
435581860,1500,building,F Wing,hospital,"POLYGON ((-79.3736985 43.7218296, -79.3736562 43.7218383, -79.3736853 43.7219118, -79.3735505 43.7219397, -79.3735315 43.7218918, -79.3735028 43.7218194, -79.373493 43.7217945, -79.3734843 43.7217726, -79.3734048 43.7215722, -79.3733957 43.7215741, -79.3731793 43.7216189, -79.3731302 43.7214951, -79.3732213 43.721476, -79.3733457 43.7214505, -79.3733486 43.7214499, -79.3733147 43.721366, -79.3732311 43.7211538, -79.3732223 43.7211315, -79.3732042 43.7210856, -79.373271 43.7210718, -79.3733357 43.7210585, -79.3733429 43.7210769, -79.3733533 43.7211033, -79.3734078 43.7210921, -79.3736363 43.7216721, -79.3736488 43.721704, -79.3736709 43.7217599, -79.3736807 43.7217845, -79.3736985 43.7218296))",43.72149494,-79.37343224
435581861,1500,building,J Wing,hospital,"POLYGON ((-79.3735315 43.7218918, -79.3733631 43.7219265, -79.3734481 43.7221425, -79.3731457 43.7222046, -79.3730736 43.721985, -79.3730271 43.7218666, -79.3734843 43.7217726, -79.373493 43.7217945, -79.3735028 43.7218194, -79.3735315 43.7218918))",43.7219798,-79.37326777
435581862,1500,building,Kilgour (K) Wing,hospital,"POLYGON ((-79.3753048 43.7236515, -79.3752315 43.7236664, -79.3752441 43.7236988, -79.3751558 43.7237167, -79.3751384 43.7236721, -79.3749646 43.7237074, -79.3748274 43.7233542, -79.3748551 43.7233486, -79.3748122 43.7232381, -79.3743704 43.7233276, -79.3743221 43.7233926, -79.3738202 43.7234937, -79.3737871 43.7234079, -79.3737777 43.7233834, -79.3737001 43.7233991, -79.3736649 43.7233077, -79.3737207 43.7232965, -79.3737308 43.7233225, -79.3737471 43.7233192, -79.3737221 43.7232548, -79.3737962 43.7232397, -79.3742099 43.7231553, -79.374255 43.7231467, -79.374292 43.7231393, -79.3742716 43.7230878, -79.3742822 43.7230854, -79.3743307 43.7230755, -79.3743395 43.7230738, -79.3743642 43.7230687, -79.3747128 43.722998, -79.3747688 43.7229866, -79.3747902 43.7230416, -79.3748153 43.7230365, -79.3748035 43.7230061, -79.3748492 43.7229968, -79.3748613 43.723028, -79.3748934 43.7230215, -79.3749246 43.7230151, -79.3749609 43.7230077, -79.3749677 43.7230254, -79.3749924 43.723012, -79.3749995 43.7229976, -79.3749876 43.7229629, -79.3749897 43.7229572, -79.3749921 43.7229504, -79.3750035 43.7229395, -79.3750315 43.722933, -79.375054 43.7229278, -79.3751414 43.7231253, -79.3751853 43.7231728, -79.3751986 43.7231998, -79.3752052 43.7232132, -79.3751933 43.7232391, -79.3751534 43.7232622, -79.3751637 43.7232887, -79.3752121 43.723413, -79.3752152 43.7234209, -79.3752176 43.7234273, -79.3752998 43.7236385, -79.3753048 43.7236515))",43.72329286,-79.37462628
435581863,1500,building,M Wing,hospital,"POLYGON ((-79.3771453 43.7216802, -79.3765754 43.7218011, -79.3765806 43.721832, -79.3765804 43.7218637, -79.3765374 43.721872, -79.3764914 43.7218809, -79.376448 43.7218281, -79.3761583 43.7218895, -79.3761726 43.7219317, -79.3760797 43.7219502, -79.376065 43.7219056, -79.3754868 43.7220179, -79.375506 43.7220669, -79.3754191 43.7220848, -79.3754152 43.7220749, -79.375399 43.7220337, -79.3752538 43.7220635, -79.3751508 43.7218018, -79.3751807 43.7217956, -79.375163 43.7217508, -79.3752047 43.7217422, -79.3752864 43.7217254, -79.3752631 43.7216663, -79.3753464 43.7216491, -79.3753551 43.7216712, -79.3754298 43.7216559, -79.3754436 43.7216907, -79.3756774 43.7216426, -79.3756463 43.7215637, -79.3757716 43.7215379, -79.3758027 43.7216169, -79.375929 43.7215909, -79.3759084 43.7215388, -79.3760029 43.7215194, -79.3760216 43.7215668, -79.3762505 43.7215198, -79.3761623 43.7213057, -79.3762926 43.7212787, -79.3763091 43.7212751, -79.3765753 43.7212171, -79.3766336 43.7213653, -79.3768225 43.7213264, -79.3768355 43.7213237, -79.3768391 43.7213317, -79.376849 43.7213581, -79.3769056 43.7213483, -79.3769897 43.7215658, -79.3770058 43.7216079, -79.3770141 43.7216297, -79.3770594 43.7216201, -79.3770709 43.7216512, -79.3771271 43.7216374, -79.3771453 43.7216802))",43.7216736,-79.37614548
435581864,1500,building,S Wing,hospital,"POLYGON ((-79.3775485 43.7209461, -79.377191 43.7210204, -79.3771166 43.7210349, -79.3767935 43.7210999, -79.3767765 43.7210562, -79.3767389 43.7209596, -79.3767819 43.7209509, -79.3767729 43.7209278, -79.3768221 43.7209178, -79.3768113 43.7208899, -79.3768401 43.7208841, -79.3768298 43.7208576, -79.3768663 43.7208502, -79.3768555 43.7208224, -79.3768883 43.7208157, -79.3768773 43.7207873, -79.3768883 43.7207851, -79.3769702 43.7207684, -79.3770341 43.7207554, -79.3771515 43.7207316, -79.3772435 43.7207129, -79.3772532 43.7207378, -79.3773232 43.7207236, -79.3773441 43.7207774, -79.3774132 43.7207633, -79.377434 43.7208169, -79.3774734 43.7208089, -79.3774878 43.7208458, -79.3775117 43.7208414, -79.3775485 43.7209461))",43.72090178,-79.37712505
435581865,1500,building,U Wing - SCIL,hospital,"POLYGON ((-79.3730736 43.721985, -79.3724173 43.7221198, -79.3723961 43.7220657, -79.3723826 43.7220314, -79.3724026 43.7220273, -79.3723681 43.7219408, -79.372298 43.7217647, -79.3722369 43.7216061, -79.3726089 43.7215297, -79.3726498 43.7215213, -79.3726769 43.7215157, -79.3728762 43.7214748, -79.3728843 43.7214954, -79.3729427 43.7216439, -79.372953 43.7216746, -79.3729614 43.7216997, -79.3730271 43.7218666, -79.3730736 43.721985))",43.72179665,-79.37265414
435581866,1500,building,,hospital,"POLYGON ((-79.3724026 43.7220273, -79.3723826 43.7220314, -79.3723961 43.7220657, -79.3722404 43.7220979, -79.3722656 43.7221617, -79.3720991 43.722196, -79.3720906 43.7221747, -79.3717017 43.7222488, -79.3715979 43.7219823, -79.3718008 43.7219392, -79.3717957 43.7219236, -79.3717705 43.7218598, -79.3716448 43.7218857, -79.3715753 43.7217098, -79.3717416 43.7216755, -79.3720422 43.7216135, -79.372128 43.7215958, -79.3721363 43.7215941, -79.3722104 43.7217832, -79.3722519 43.7217744, -79.372298 43.7217647, -79.3723681 43.7219408, -79.3724026 43.7220273))",43.72192854,-79.3719755
437091413,1500,building,Humber River Hospital,hospital,"POLYGON ((-79.4903334 43.7235999, -79.4896963 43.7237419, -79.4897171 43.7238, -79.4895583 43.7238308, -79.4895765 43.7238738, -79.4896998 43.7241648, -79.4897812 43.7241443, -79.4899203 43.7244639, -79.488682 43.7247411, -79.4886879 43.7247553, -79.4885735 43.72478, -79.4885676 43.7247659, -79.4880561 43.7248834, -79.4876899 43.7249675, -79.4876844 43.7249541, -79.4876377 43.7249643, -79.4876262 43.7249365, -79.4874947 43.724965, -79.4874204 43.7247939, -79.4872717 43.7248253, -79.487167 43.7245623, -79.4873253 43.7245259, -79.4872983 43.7244606, -79.4873852 43.7244418, -79.4873621 43.724384, -79.4874077 43.7243733, -79.487403 43.7243602, -79.4874291 43.7243535, -79.4874016 43.724286, -79.4871694 43.7243362, -79.4871356 43.7242549, -79.4870501 43.7242735, -79.4869536 43.7240409, -79.4870156 43.7240274, -79.4869937 43.7239747, -79.4872599 43.723917, -79.4872346 43.7238561, -79.4888628 43.7235031, -79.4890945 43.7234529, -79.4894248 43.7233812, -79.4894513 43.7233755, -79.489487 43.7234616, -79.4896098 43.723435, -79.4896224 43.7234654, -79.4898114 43.7234239, -79.4898024 43.7233999, -79.4898284 43.7233939, -79.4898454 43.7234409, -79.4902264 43.7233539, -79.4903334 43.7235999))",43.72415054,-79.4885423
659095023,1500,building,,hospital,"POLYGON ((-79.509885 43.689043, -79.509883 43.689114, -79.509818 43.689113, -79.509814 43.689239, -79.509825 43.689239, -79.509822 43.689372, -79.509667 43.68937, -79.509669 43.689293, -79.509686 43.689294, -79.509697 43.688853, -79.509682 43.688853, -79.509684 43.68878, -79.509838 43.688782, -79.509835 43.688916, -79.509825 43.688916, -79.509822 43.689042, -79.509885 43.689043))",43.68907581,-79.50976096
659095025,1500,building,,hospital,"POLYGON ((-79.509878 43.6895473, -79.50968 43.6896183, -79.509627 43.6895403, -79.50972 43.6895063, -79.509724 43.6893723, -79.509819 43.6893733, -79.509817 43.6894593, -79.509878 43.6895473))",43.68950261,-79.50975792
659095027,1500,building,,hospital,"POLYGON ((-79.5086 43.689958, -79.508521 43.689973, -79.508445 43.69007, -79.508248 43.690106, -79.508372 43.690162, -79.508391 43.690219, -79.508315 43.690313, -79.508233 43.690327, -79.508105 43.69027, -79.508085 43.690213, -79.508166 43.69012, -79.508019 43.690054, -79.507984 43.690062, -79.507913 43.690142, -79.507832 43.690156, -79.507702 43.690099, -79.507683 43.690042, -79.507763 43.689947, -79.507956 43.689914, -79.507835 43.689857, -79.507815 43.6898, -79.507892 43.689705, -79.507973 43.689691, -79.508023 43.689713, -79.508041 43.689693, -79.508079 43.68971, -79.508061 43.689731, -79.508102 43.689749, -79.508121 43.689806, -79.508042 43.689899, -79.508186 43.689964, -79.508223 43.689958, -79.508294 43.689874, -79.508375 43.68986, -79.508502 43.689922, -79.508581 43.689907, -79.5086 43.689958))",43.69000643,-79.50811015
659095028,1500,building,West Park Long Term Care Centre,hospital,"POLYGON ((-79.509888 43.689922, -79.509844 43.689938, -79.509839 43.68995, -79.509851 43.689966, -79.509489 43.690097, -79.509467 43.690065, -79.509419 43.690082, -79.509375 43.690019, -79.509403 43.690008, -79.509362 43.689949, -79.509198 43.689997, -79.509225 43.69006, -79.509255 43.690053, -79.509284 43.690121, -79.509234 43.690132, -79.509248 43.690165, -79.508864 43.690251, -79.508857 43.690234, -79.508838 43.690226, -79.508796 43.690236, -79.50872 43.690057, -79.508694 43.690062, -79.508674 43.690016, -79.508701 43.69001, -79.508609 43.689795, -79.508656 43.689785, -79.508666 43.689773, -79.508659 43.689755, -79.509006 43.689678, -79.509017 43.689705, -79.509091 43.68969, -79.509078 43.689652, -79.509126 43.689638, -79.509151 43.689673, -79.509221 43.689647, -79.509205 43.689623, -79.50953 43.689506, -79.50954 43.68952, -79.509558 43.689525, -79.509601 43.689509, -79.50974 43.68971, -79.509764 43.689702, -79.509793 43.689745, -79.509772 43.689753, -79.509888 43.689922))",43.68987778,-79.5092301
659427460,1500,building,,hospital,"POLYGON ((-79.510199 43.708681, -79.510106 43.708703, -79.509588 43.708824, -79.50958 43.708808, -79.509534 43.708703, -79.510145 43.70856, -79.510199 43.708681))",43.70869209,-79.5098664
659427461,1500,building,,hospital,"POLYGON ((-79.5102 43.708915, -79.509682 43.709036, -79.509588 43.708824, -79.510106 43.708703, -79.5102 43.708915))",43.7088695,-79.509894
659427462,1500,building,,hospital,"POLYGON ((-79.510302 43.70902, -79.510255 43.709031, -79.509731 43.709155, -79.50969 43.709164, -79.509694 43.709173, -79.509701 43.709171, -79.509718 43.709209, -79.509622 43.709231, -79.509605 43.709193, -79.509653 43.709181, -79.509648 43.709171, -79.509559 43.709192, -79.509508 43.709077, -79.509682 43.709036, -79.5102 43.708915, -79.51025 43.708903, -79.510302 43.70902))",43.70905514,-79.50989459
659427463,1500,building,Reactivation Care Centre,hospital,"POLYGON ((-79.511046 43.709518, -79.510802 43.709574, -79.510792 43.709551, -79.510685 43.709576, -79.510656 43.709622, -79.510723 43.709605, -79.510829 43.709643, -79.510794 43.709693, -79.5108 43.709703, -79.51079 43.709719, -79.510774 43.70972, -79.510764 43.709735, -79.510771 43.709745, -79.51076 43.70976, -79.510743 43.709762, -79.510667 43.709733, -79.510752 43.70993, -79.510564 43.709973, -79.510572 43.70999, -79.510287 43.710057, -79.51028 43.71004, -79.510093 43.710084, -79.510082 43.71006, -79.510073 43.710062, -79.510011 43.709924, -79.510028 43.709902, -79.509985 43.709802, -79.50984 43.709834, -79.509749 43.709627, -79.510027 43.709564, -79.510059 43.709577, -79.510154 43.709554, -79.510001 43.709496, -79.510064 43.709406, -79.510102 43.709421, -79.510066 43.709339, -79.510035 43.709328, -79.509994 43.709232, -79.509935 43.709247, -79.509962 43.709305, -79.509811 43.709339, -79.509731 43.709155, -79.510255 43.709031, -79.5103 43.70913, -79.510413 43.709103, -79.510338 43.708933, -79.510477 43.708901, -79.51054 43.709046, -79.510681 43.709013, -79.510721 43.709104, -79.510677 43.709114, -79.510693 43.709152, -79.510726 43.709143, -79.510838 43.709398, -79.510979 43.709366, -79.511046 43.709518))",43.70951389,-79.51035553
660212730,1500,building,,hospital,"POLYGON ((-79.205845 43.780659, -79.205809 43.780667, -79.205802 43.780673, -79.205792 43.78068, -79.20578 43.780687, -79.205768 43.780692, -79.205754 43.780696, -79.205737 43.780699, -79.205725 43.7807, -79.205703 43.780699, -79.205685 43.780696, -79.20565 43.780704, -79.20564 43.780681, -79.205566 43.780677, -79.205556 43.780769, -79.205543 43.7807728, -79.205537 43.780827, -79.205341 43.780843, -79.205269 43.780813, -79.205229 43.780814, -79.205153 43.780814, -79.205152 43.780821, -79.205211 43.780825, -79.2051815 43.7808596, -79.205147 43.7809, -79.205065 43.780892, -79.2050452 43.780856, -79.20502 43.78081, -79.205074 43.780816, -79.205076 43.780809, -79.205043 43.780806, -79.204979 43.780797, -79.204812 43.780832, -79.204774 43.780747, -79.20473 43.780732, -79.204693 43.780718, -79.204711 43.780561, -79.20474 43.780563, -79.204728 43.780537, -79.204554 43.780575, -79.2045 43.780453, -79.204471 43.78046, -79.204489 43.7805, -79.2044233 43.7805156, -79.204375 43.780527, -79.20427 43.780291, -79.2043185 43.78028, -79.204385 43.780265, -79.204404 43.780309, -79.204431 43.780303, -79.204294 43.779994, -79.204355 43.77998, -79.204313 43.779886, -79.204251 43.7799, -79.204219 43.779826, -79.204195 43.779831, -79.204211 43.779867, -79.2041357 43.7798848, -79.204088 43.779896, -79.203989 43.779672, -79.2040354 43.779661, -79.204111 43.779643, -79.204126 43.779678, -79.204151 43.779672, -79.204087 43.779528, -79.204365 43.779464, -79.20443 43.779609, -79.204606 43.779569, -79.204604 43.779566, -79.204681 43.779548, -79.204667 43.779517, -79.2045552 43.7795409, -79.2045406 43.7794974, -79.2045232 43.779446, -79.2048807 43.7793669, -79.2049011 43.779415, -79.2049205 43.7794608, -79.204856 43.779475, -79.2048689 43.7795041, -79.204947 43.779486, -79.205123 43.779445, -79.205059 43.779299, -79.205337 43.779234, -79.205401 43.779379, -79.205577 43.779339, -79.205679 43.779569, -79.205445 43.779623, -79.205485 43.779712, -79.205535 43.7797, -79.205743 43.78017, -79.205793 43.780283, -79.20568 43.78031, -79.205268 43.780405, -79.205272 43.780415, -79.205277 43.780414, -79.205293 43.78045, -79.20532 43.780444, -79.205336 43.780481, -79.205373 43.780472, -79.205382 43.780491, -79.205494 43.780465, -79.20554 43.780575, -79.205547 43.780576, -79.205549 43.780566, -79.205589 43.780568, -79.205627 43.780559, -79.205633 43.78055, -79.205643 43.780543, -79.205656 43.780537, -79.205667 43.780533, -79.205678 43.78053, -79.205689 43.780528, -79.205702 43.780526, -79.205715 43.780526, -79.205729 43.780526, -79.20574 43.780527, -79.205745 43.780529, -79.205784 43.78052, -79.205796 43.780546, -79.20581 43.780555, -79.205819 43.780565, -79.205826 43.780574, -79.205831 43.780583, -79.205836 43.780596, -79.205838 43.780606, -79.205838 43.780617, -79.205836 43.780627, -79.205834 43.780634, -79.205845 43.780659))",43.78005597,-79.20498857
