osm_id,code,fclass,name,geometry,Latitude,Longitude
4321312,2504,mall,CF Toronto Eaton Centre,"POLYGON ((-79.3821516 43.6559057, -79.3819105 43.6559504, -79.3819041 43.6559561, -79.381895 43.6559595, -79.3818863 43.655961, -79.3818756 43.6559631, -79.3816232 43.6560168, -79.3816068 43.6560204, -79.3815951 43.6560209, -79.3815833 43.6560184, -79.3815709 43.656014, -79.3815748 43.6560256, -79.3810901 43.6561279, -79.3810793 43.6561286, -79.3810688 43.6561267, -79.3810596 43.6561226, -79.3810526 43.6561166, -79.3810486 43.6561093, -79.3810176 43.656033, -79.381004 43.6560408, -79.3809608 43.6560144, -79.3809194 43.6559807, -79.3808933 43.6559415, -79.380889 43.6558929, -79.3808958 43.6558461, -79.3809169 43.6558066, -79.3809406 43.6558094, -79.3809231 43.6557701, -79.3809406 43.6557545, -79.3808087 43.6557034, -79.3807755 43.6556238, -79.3807357 43.6555273, -79.3806884 43.6554128, -79.3805845 43.6551611, -79.3805314 43.6550324, -79.3804381 43.6548062, -79.380712 43.6547437, -79.3806911 43.6546891, -79.3806777 43.6546553, -79.3805877 43.6546744, -79.3805837 43.6546659, -79.3805689 43.6546694, -79.380545 43.6546845, -79.3805135 43.654696, -79.3804786 43.6546996, -79.3804439 43.6546946, -79.3804134 43.6546818, -79.3803902 43.6546626, -79.3803769 43.654639, -79.380375 43.6546134, -79.3803846 43.6545889, -79.3803671 43.6545879, -79.3803527 43.6545788, -79.3802734 43.6543872, -79.3802559 43.6543454, -79.3802397 43.6543077, -79.3802316 43.6542871, -79.3801994 43.6542071, -79.3801441 43.6540884, -79.3801428 43.6540798, -79.3801441 43.6540717, -79.3801513 43.6540645, -79.3801621 43.6540597, -79.3802305 43.6540451, -79.3802252 43.6540336, -79.3801596 43.6540045, -79.380131 43.6539808, -79.3800697 43.6539915, -79.379938 43.6536638, -79.3799138 43.6536037, -79.3798937 43.6535564, -79.3795302 43.6527001, -79.3794517 43.6525179, -79.3794475 43.6525048, -79.3794493 43.6524914, -79.3794533 43.652485, -79.3794569 43.6524791, -79.3794694 43.6524692, -79.3794857 43.6524626, -79.3797261 43.6524117, -79.379748 43.6524625, -79.3798007 43.6524492, -79.379972 43.6524141, -79.3799877 43.6524568, -79.3800404 43.6524467, -79.3800659 43.6524414, -79.3800804 43.6524383, -79.3800912 43.6524361, -79.3800882 43.6524149, -79.3800919 43.6524009, -79.380103 43.6523881, -79.3801178 43.6523816, -79.3801273 43.6523791, -79.3803927 43.6523194, -79.3804142 43.6523177, -79.3805572 43.6522878, -79.3805732 43.6522694, -79.3806571 43.6523006, -79.3806424 43.6523204, -79.3806974 43.6524237, -79.3807054 43.6524307, -79.3807101 43.6524403, -79.3807918 43.6526369, -79.3807929 43.6526519, -79.3807902 43.6526648, -79.3809995 43.65317, -79.3810233 43.6532292, -79.3809859 43.6532425, -79.3809592 43.6532572, -79.3809344 43.6532727, -79.3809111 43.6532974, -79.3808956 43.6533199, -79.3808918 43.65334, -79.3808935 43.6533606, -79.3809085 43.6534007, -79.3809231 43.653441, -79.3809424 43.6534579, -79.3809651 43.6534734, -79.3809902 43.653485, -79.3810224 43.6534939, -79.3810602 43.6534989, -79.3810944 43.6534989, -79.3811368 43.6534989, -79.3812305 43.6537169, -79.3813672 43.6540348, -79.3814393 43.654203, -79.381386 43.6542155, -79.3814175 43.6542956, -79.3814781 43.654435, -79.3812768 43.6544754, -79.3811431 43.6545023, -79.38116 43.6545401, -79.3811707 43.6545711, -79.3811932 43.6546273, -79.3812053 43.6546571, -79.3812266 43.6547109, -79.3812961 43.6548846, -79.3813299 43.654962, -79.3813475 43.6550069, -79.3814057 43.6551517, -79.3815564 43.6551178, -79.3818337 43.6550565, -79.3818643 43.6551307, -79.3818993 43.6551242, -79.3820676 43.6554994, -79.381977 43.655521, -79.3818945 43.6556303, -79.3819456 43.6556178, -79.3820579 43.6556593, -79.3821516 43.6559057))",43.6541661174483,-79.38076634593294
10279736,2504,mall,Erin Mills Town Centre,"POLYGON ((-79.7132447 43.5584886, -79.7127832 43.5585238, -79.7128072 43.5586872, -79.7127415 43.5587434, -79.7126725 43.5588022, -79.7126941 43.5589531, -79.7128844 43.5590652, -79.7127969 43.5591433, -79.7128288 43.5593805, -79.7128578 43.5593783, -79.7129085 43.5594081, -79.7129841 43.5599345, -79.7129141 43.5599971, -79.7128618 43.560001, -79.7125633 43.5600236, -79.7125447 43.560025, -79.7125065 43.5600438, -79.7118821 43.560091, -79.7118594 43.5600912, -79.7118413 43.5600872, -79.711822 43.5600781, -79.711807 43.5600653, -79.7117982 43.5600487, -79.7117567 43.5597347, -79.7117703 43.5597161, -79.7117412 43.5594962, -79.711783 43.5594594, -79.711802 43.5594581, -79.7117957 43.5594084, -79.7117081 43.5594142, -79.7116152 43.5593898, -79.7115414 43.559365, -79.7114734 43.5593393, -79.7113817 43.5592992, -79.7113024 43.5592594, -79.7113312 43.5592335, -79.7112956 43.5592128, -79.7112489 43.5591855, -79.7112199 43.5592115, -79.7111176 43.5591398, -79.7110542 43.559087, -79.7109882 43.5590244, -79.7109268 43.558956, -79.7109187 43.5588924, -79.7108512 43.5588969, -79.710854 43.5589194, -79.7101095 43.5589764, -79.7099873 43.5589048, -79.7099243 43.5584719, -79.7098721 43.5581133, -79.7098854 43.5581123, -79.7098966 43.5581892, -79.710103 43.5581734, -79.7100902 43.5580856, -79.7106107 43.5580458, -79.7107379 43.5581203, -79.710742 43.5581486, -79.7111582 43.5581181, -79.7113534 43.5579423, -79.7115581 43.5577579, -79.7115145 43.5574498, -79.7114387 43.5574555, -79.7113521 43.556841, -79.7118803 43.5568019, -79.7118839 43.5568275, -79.7119338 43.5568238, -79.7119931 43.5568195, -79.7119896 43.5567943, -79.7120098 43.5567928, -79.7120088 43.5567856, -79.7125047 43.5567489, -79.7125923 43.55737, -79.7125402 43.5573739, -79.7125793 43.5576518, -79.7128605 43.557817, -79.7130226 43.5579122, -79.713087 43.55795, -79.7129898 43.5580369, -79.7128842 43.5581314, -79.7129089 43.5581459, -79.7129184 43.5581374, -79.7131906 43.5581162, -79.7132447 43.5584886))",43.55846219027976,-79.71182054535007
15560300,2504,mall,Dufferin Mall,"POLYGON ((-79.4370381 43.6576656, -79.436716 43.6577239, -79.4366726 43.6577172, -79.4366447 43.6576948, -79.4364266 43.6571278, -79.4363721 43.657137, -79.4362383 43.6571583, -79.4362556 43.6572049, -79.4356931 43.6573178, -79.4357129 43.6573609, -79.4356014 43.6573842, -79.4355816 43.6573429, -79.4355171 43.6573555, -79.43537 43.656979, -79.4353496 43.6569267, -79.4353011 43.6568046, -79.4352371 43.6566437, -79.4352099 43.6566526, -79.4351455 43.6564845, -79.4350907 43.6563496, -79.4351254 43.6563407, -79.4349244 43.6558077, -79.4349836 43.6557951, -79.434993 43.6558202, -79.4353325 43.6557553, -79.4353195 43.6557279, -79.435347 43.655722, -79.4353414 43.6557086, -79.4353725 43.6557024, -79.4353663 43.6556857, -79.4352153 43.6552811, -79.4350504 43.6553155, -79.4349488 43.6553367, -79.4349513 43.6553459, -79.4349428 43.6553489, -79.434956 43.6553557, -79.4349244 43.6553814, -79.4349506 43.655401, -79.4349108 43.6554308, -79.4349519 43.6554572, -79.4348971 43.6554977, -79.4344763 43.6555823, -79.4344887 43.6556074, -79.4341765 43.6556647, -79.4341666 43.6556396, -79.43397 43.6556739, -79.4339058 43.6556851, -79.4337308 43.6552242, -79.4336723 43.6550914, -79.4334439 43.6545776, -79.4336926 43.6545249, -79.4338064 43.654575, -79.4338158 43.6546046, -79.4338632 43.6545944, -79.4338788 43.6546332, -79.4350946 43.6543881, -79.4354953 43.6543152, -79.4355072 43.6543527, -79.4357092 43.6543093, -79.4357389 43.654311, -79.4358083 43.6543236, -79.4358629 43.6543577, -79.4358926 43.6543971, -79.4359166 43.6544711, -79.4359372 43.6545387, -79.4359857 43.6545295, -79.4360983 43.6548167, -79.4360239 43.6548292, -79.4361057 43.6550515, -79.436185 43.6550372, -79.4363052 43.6553653, -79.4362383 43.6553815, -79.4365307 43.6561488, -79.4365951 43.6561399, -79.4367463 43.6565271, -79.436689 43.6565455, -79.4366801 43.6565726, -79.4366551 43.6566491, -79.4366657 43.6566943, -79.4367363 43.6566803, -79.4368034 43.6568595, -79.4368415 43.6568522, -79.4368787 43.656845, -79.4369855 43.65716, -79.4369613 43.6571655, -79.4369204 43.6571748, -79.4369297 43.6572062, -79.4368615 43.6572219, -79.4368925 43.6573228, -79.4368461 43.657334, -79.4369452 43.6575984, -79.4369883 43.6575927, -79.4370133 43.6575894, -79.4370381 43.6576656))",43.6557425747418,-79.43544419824488
15703729,2504,mall,Galleria Shopping Centre,"POLYGON ((-79.4414668 43.6680588, -79.440867 43.6681723, -79.4408611 43.6681567, -79.4408183 43.6681653, -79.4407598 43.6680116, -79.4407551 43.6680125, -79.4407281 43.6679415, -79.4407385 43.6679394, -79.4406256 43.6676425, -79.4406701 43.6676336, -79.4405999 43.6674491, -79.4408573 43.6673979, -79.440832 43.6673315, -79.4409374 43.6673105, -79.4409632 43.6673785, -79.4411778 43.6673352, -79.4414668 43.6680588))",43.667757061775966,-79.44101300012294
19887459,2504,mall,Yorkdale Shopping Centre,"POLYGON ((-79.4557171 43.7250968, -79.4552996 43.7251836, -79.4553076 43.7252059, -79.4552577 43.7252156, -79.4552059 43.7252258, -79.4553573 43.7255906, -79.4553378 43.725595, -79.4553418 43.7256043, -79.4553733 43.7255979, -79.4553894 43.7256433, -79.4554055 43.7256759, -79.4554133 43.7256994, -79.455431 43.7257299, -79.4554196 43.7257445, -79.4553963 43.7258085, -79.4553782 43.7258119, -79.4553923 43.7258463, -79.4554077 43.7258446, -79.4554262 43.7258429, -79.4554567 43.7258558, -79.4554641 43.7258686, -79.4554815 43.7258652, -79.4556817 43.7263476, -79.4556639 43.726352, -79.455669 43.7263646, -79.4546067 43.726583, -79.4545905 43.7265789, -79.4544992 43.7263581, -79.454457 43.7262561, -79.4544143 43.7262627, -79.4543736 43.7262712, -79.4544131 43.7263719, -79.4533171 43.7266087, -79.4532687 43.7264758, -79.4532405 43.7264814, -79.4532583 43.7265217, -79.4532027 43.7265342, -79.4531501 43.7265447, -79.4531304 43.7265061, -79.4530925 43.726513, -79.4531402 43.7266409, -79.4521353 43.7268552, -79.4521395 43.7268654, -79.451705 43.7269527, -79.4516849 43.726908, -79.4516278 43.7269394, -79.451575 43.726957, -79.4515471 43.7269701, -79.4514542 43.7270101, -79.4511923 43.7270981, -79.4509697 43.727149, -79.4508262 43.7271965, -79.4508015 43.7271709, -79.4501066 43.7273128, -79.4500771 43.7272885, -79.4500253 43.7272029, -79.4500109 43.727133, -79.4501082 43.7271126, -79.4500297 43.7269217, -79.4499824 43.72693, -79.4497817 43.7264471, -79.4491419 43.7265762, -79.4491182 43.7265798, -79.4487571 43.7257227, -79.4495092 43.7255665, -79.4494375 43.7255511, -79.4494482 43.7254995, -79.4494561 43.7254611, -79.4495107 43.7254491, -79.4494916 43.7254143, -79.449555 43.7253793, -79.4496161 43.7253156, -79.4496274 43.7252628, -79.4496281 43.7252331, -79.4496147 43.7251894, -79.4495195 43.7252116, -79.4493832 43.7252435, -79.449019 43.7253251, -79.4487765 43.7253821, -79.4486966 43.7254003, -79.4486873 43.7253776, -79.4486083 43.7251854, -79.4486383 43.7251798, -79.44904 43.7250877, -79.4490342 43.7250729, -79.4490265 43.7250535, -79.4489986 43.7250593, -79.4489635 43.724979, -79.4491209 43.7249466, -79.4491558 43.7250273, -79.4490829 43.7250423, -79.4490968 43.7250739, -79.4496015 43.7249602, -79.4496688 43.724946, -79.449736 43.7249319, -79.4496532 43.7247314, -79.4497271 43.7247141, -79.4497193 43.7247002, -79.4503149 43.7245731, -79.4507398 43.7244824, -79.4510506 43.7244161, -79.4510555 43.7244333, -79.4511469 43.7244131, -79.4511393 43.7243964, -79.4520013 43.7242122, -79.4524491 43.7241155, -79.4525094 43.7242677, -79.452532 43.7242633, -79.4525652 43.7242569, -79.4525981 43.7242506, -79.4526328 43.7242439, -79.4526154 43.7241979, -79.4536413 43.7239726, -79.4536366 43.7239609, -79.4539337 43.7238989, -79.4540235 43.7241136, -79.45399 43.7241204, -79.4540048 43.7241606, -79.4540168 43.7241572, -79.454043 43.7242348, -79.4540656 43.7242815, -79.4540859 43.724322, -79.4541302 43.7243738, -79.4542224 43.7246094, -79.4548706 43.7244746, -79.4548889 43.7244708, -79.4549413 43.7244579, -79.4549743 43.7244509, -79.4553939 43.7243613, -79.4554304 43.7244591, -79.4554029 43.7244659, -79.4554196 43.7245085, -79.4554015 43.7245124, -79.4554182 43.7245499, -79.4554307 43.7245781, -79.4554431 43.7246059, -79.4554994 43.7245933, -79.4557171 43.7250968))",43.72557242924633,-79.4522564077142
23297029,2504,mall,Crossways Mall,"POLYGON ((-79.4524852 43.6571173, -79.451289 43.6573733, -79.4513246 43.6574597, -79.4509605 43.6575339, -79.450777 43.6573471, -79.450304 43.6568697, -79.4507343 43.6567803, -79.4507413 43.6568028, -79.450805 43.6567892, -79.4509972 43.656748, -79.451139 43.6568067, -79.4511996 43.6567926, -79.4512791 43.6566903, -79.4514705 43.6566484, -79.4515287 43.6566356, -79.4517186 43.656594, -79.4518649 43.656651, -79.4519257 43.6566363, -79.4520032 43.6565344, -79.4521902 43.656491, -79.4522255 43.6565701, -79.4522587 43.6565619, -79.4523047 43.6566745, -79.4522699 43.6566816, -79.4521821 43.6567963, -79.4521958 43.6568295, -79.4522094 43.6568623, -79.4523954 43.6569333, -79.45241 43.6569305, -79.4524852 43.6571173))",43.65700593733991,-79.45143286494326
24225701,2504,mall,Gerrard Square,"POLYGON ((-79.3403332 43.6692598, -79.3401987 43.6693674, -79.3402372 43.6693917, -79.3401806 43.6694322, -79.3401402 43.6694027, -79.3399457 43.6695628, -79.3399883 43.6695909, -79.3399143 43.6696493, -79.3394119 43.6700419, -79.3393566 43.6700102, -79.3393103 43.6700519, -79.3392376 43.6700689, -79.3390308 43.6701119, -79.3390466 43.6701439, -79.3388188 43.6702059, -79.3387621 43.6702198, -79.3388019 43.6703142, -79.3385067 43.6703839, -79.3385351 43.6704578, -79.3384114 43.6704833, -79.3383345 43.670322, -79.3383104 43.6703294, -79.3382648 43.6702231, -79.3382272 43.670231, -79.3381801 43.6701312, -79.3380515 43.6701593, -79.3379838 43.6700029, -79.3379798 43.6699944, -79.3378869 43.6700153, -79.3378446 43.6699827, -79.3379679 43.6699544, -79.3381362 43.6699158, -79.3379515 43.6694852, -79.3384894 43.669361, -79.3384518 43.6692839, -79.33847 43.6692757, -79.3384605 43.6692533, -79.3383002 43.6688428, -79.338259 43.6687461, -79.3393406 43.6684887, -79.339384 43.6685905, -79.3394111 43.6686614, -79.3395615 43.6690063, -79.3396419 43.6689867, -79.3396781 43.6690144, -79.339724 43.6690494, -79.3398481 43.668951, -79.3399592 43.6690315, -79.3399368 43.6690478, -79.3401618 43.6691903, -79.3401989 43.6691644, -79.3403332 43.6692598))",43.66945012234616,-79.3389962805351
25429100,2504,mall,East York Town Centre,"POLYGON ((-79.3476995 43.705115, -79.3476302 43.7051391, -79.3476433 43.7051612, -79.3474756 43.7052279, -79.347197 43.7053376, -79.347209 43.7053573, -79.3471458 43.705381, -79.3470818 43.7054107, -79.3473773 43.7057991, -79.3470746 43.705913, -79.3470932 43.7059418, -79.3470144 43.7059717, -79.3469112 43.7060108, -79.3468861 43.7059762, -79.3459666 43.7063404, -79.3459006 43.7063642, -79.3458628 43.7063778, -79.3458594 43.7063696, -79.3455538 43.7064797, -79.3454455 43.7063323, -79.3454686 43.7063237, -79.3453773 43.7061868, -79.345604 43.706103, -79.3455848 43.7060757, -79.3455686 43.7060528, -79.345298 43.7061546, -79.3447242 43.7063751, -79.3447322 43.706387, -79.3446732 43.706408, -79.3444866 43.7061702, -79.3444668 43.7061378, -79.3443177 43.7059216, -79.3455179 43.705453, -79.3455609 43.7055128, -79.3457778 43.7054204, -79.345727 43.7053523, -79.3457565 43.7053408, -79.3458073 43.7054089, -79.3464035 43.7051765, -79.3463315 43.7050652, -79.3465006 43.7049982, -79.3464875 43.7049809, -79.3465438 43.7049589, -79.3465831 43.7049445, -79.3465946 43.7049606, -79.3466203 43.7049509, -79.3467211 43.7049127, -79.3467447 43.7049437, -79.3471244 43.7047955, -79.347105 43.7047684, -79.3473068 43.7046916, -79.3475138 43.7049828, -79.3475761 43.7049537, -79.3476995 43.705115))",43.70568298919374,-79.34611733347047
27029286,2504,mall,Peanut Plaza,"POLYGON ((-79.352879 43.785493, -79.352707 43.785929, -79.352535 43.785894, -79.351942 43.785772, -79.351896 43.785711, -79.351822 43.78574, -79.351533 43.785681, -79.351461 43.785584, -79.351592 43.785249, -79.351712 43.785253, -79.352032 43.785319, -79.352045 43.785287, -79.352023 43.785283, -79.35203 43.785265, -79.352096 43.785279, -79.35209 43.785294, -79.352153 43.785307, -79.352139 43.78534, -79.352706 43.785457, -79.352879 43.785493))",43.785575902973385,-79.35216284914871
28223690,2504,mall,Central Parkway Mall,"POLYGON ((-79.6277223 43.6029602, -79.6272032 43.6033464, -79.6269427 43.6035401, -79.6263432 43.6030328, -79.6259088 43.6027726, -79.6254095 43.602409, -79.625866 43.6020771, -79.6263705 43.6024404, -79.6268665 43.6028141, -79.627019 43.6028091, -79.6272721 43.6026399, -79.6277223 43.6029602))",43.60281785765983,-79.6265713860027
28251807,2504,mall,Rockwood Mall,"POLYGON ((-79.6061402 43.6259275, -79.6057454 43.6262962, -79.605484 43.6265404, -79.6048897 43.626207, -79.6049227 43.6261762, -79.6046926 43.6260472, -79.604342 43.6263747, -79.6037989 43.62607, -79.6037625 43.6260496, -79.6041131 43.6257221, -79.6039144 43.6256107, -79.6037894 43.6257274, -79.6031381 43.625362, -79.6038191 43.6247259, -79.6044705 43.6250913, -79.6045377 43.6250285, -79.6052561 43.6254315, -79.6055266 43.6255833, -79.6061402 43.6259275))",43.62566557306498,-79.60460596476375
28614286,2504,mall,Centerpoint Mall,"POLYGON ((-79.4243841 43.7959708, -79.4242892 43.7959947, -79.4242975 43.7960055, -79.424132 43.7960405, -79.4241337 43.7960514, -79.4237141 43.7961419, -79.4237107 43.7961323, -79.4234531 43.796194, -79.4233312 43.7962203, -79.4232699 43.7962512, -79.4232477 43.7962541, -79.4232075 43.7962384, -79.4231942 43.7962541, -79.4231473 43.7962638, -79.4231239 43.7963012, -79.4230721 43.7963157, -79.4230337 43.7962312, -79.4229581 43.7962505, -79.4232273 43.7968693, -79.4231384 43.7969844, -79.422512 43.7971208, -79.4222838 43.7970687, -79.4220961 43.7966153, -79.4220329 43.7965908, -79.4219924 43.7965525, -79.4218289 43.7964999, -79.4217789 43.7963609, -79.4213939 43.7964463, -79.4213839 43.7964294, -79.4211523 43.7964862, -79.4212101 43.7966174, -79.4205148 43.7967785, -79.4201564 43.7959479, -79.4208577 43.7957895, -79.4208784 43.7958259, -79.4210828 43.7957807, -79.4214766 43.7956867, -79.4214917 43.7957167, -79.4218578 43.7956322, -79.4218775 43.795624, -79.4217865 43.7954137, -79.4220377 43.7953629, -79.4220277 43.7953254, -79.4220249 43.7953148, -79.4219841 43.7952864, -79.4216029 43.7950215, -79.42154 43.7949778, -79.421514 43.7949972, -79.421409 43.7949243, -79.421435 43.7949048, -79.4213746 43.7948628, -79.4210756 43.794655, -79.4214289 43.7943684, -79.421683 43.794305, -79.4221275 43.794646, -79.4223702 43.7947091, -79.422645 43.7949058, -79.4225325 43.7949285, -79.4225422 43.7949489, -79.4224666 43.7949659, -79.4224855 43.7950035, -79.4224187 43.7950121, -79.4225213 43.7952355, -79.422589 43.7953974, -79.4228264 43.7953539, -79.4227862 43.7952574, -79.4229981 43.7952166, -79.4230119 43.7952139, -79.4230183 43.7952285, -79.4231724 43.7951946, -79.4231813 43.795213, -79.4238787 43.7950517, -79.4239832 43.7952803, -79.4241019 43.7952562, -79.4241855 43.795448, -79.4241621 43.7954529, -79.4243841 43.7959708))",43.79584108623578,-79.42230885506011
29466121,2504,mall,Woodbine Mall,"POLYGON ((-79.601898 43.720583, -79.601723 43.720626, -79.60172 43.720624, -79.601497 43.72068, -79.601509 43.720705, -79.601193 43.720782, -79.60118 43.720757, -79.601103 43.720775, -79.601072 43.720708, -79.601038 43.720636, -79.601031 43.720622, -79.600807 43.720676, -79.600768 43.720686, -79.600738 43.720793, -79.600728 43.72083, -79.600717 43.72087, -79.600679 43.720865, -79.6006622 43.7209264, -79.600651 43.720967, -79.600687 43.720975, -79.600568 43.721404, -79.600622 43.721414, -79.60057 43.721601, -79.600485 43.721904, -79.600465 43.721976, -79.600462 43.721977, -79.600442 43.722128, -79.600255 43.722089, -79.600199 43.722077, -79.600102 43.721972, -79.599588 43.721898, -79.599589 43.721894, -79.599361 43.721876, -79.599412 43.721754, -79.599406 43.721754, -79.599546 43.721259, -79.599526 43.721254, -79.599539 43.721208, -79.599558 43.721142, -79.599561 43.721128, -79.599578 43.721071, -79.599587 43.721038, -79.599513 43.721028, -79.599511 43.721028, -79.599546 43.720909, -79.599522 43.720903, -79.599474 43.720892, -79.599498 43.720804, -79.599537 43.720809, -79.599506 43.720727, -79.599491 43.720693, -79.599465 43.720699, -79.599399 43.720708, -79.5993564 43.7206118, -79.599341 43.720577, -79.599295 43.720588, -79.599275 43.7205442, -79.599263 43.720518, -79.599309 43.720508, -79.599301 43.720488, -79.599251 43.72038, -79.599295 43.720369, -79.599246 43.720261, -79.599149 43.720196, -79.599193 43.720158, -79.599067 43.720072, -79.599066 43.720071, -79.599093 43.72005, -79.599117 43.72003, -79.599052 43.719989, -79.598886 43.719885, -79.598873 43.719891, -79.598855 43.719888, -79.598738 43.719818, -79.598728 43.71982, -79.598719 43.71982, -79.598707 43.719819, -79.598659 43.71979, -79.598596 43.719749, -79.598599 43.719746, -79.598586 43.719746, -79.598567 43.719743, -79.598545 43.719738, -79.598528 43.719729, -79.598511 43.719712, -79.598502 43.719698, -79.598496 43.719685, -79.598432 43.719642, -79.598388 43.719613, -79.598383 43.719606, -79.598382 43.719598, -79.598399 43.719596, -79.598275 43.719516, -79.598265 43.719506, -79.598266 43.719499, -79.598271 43.719492, -79.598594 43.719228, -79.598594 43.719226, -79.59859 43.719213, -79.598587 43.719201, -79.59859 43.719186, -79.598598 43.719168, -79.598616 43.71915, -79.59863 43.719143, -79.59865 43.719137, -79.59867 43.719136, -79.598694 43.719136, -79.598711 43.71914, -79.598716 43.719127, -79.599024 43.718872, -79.599064 43.71884, -79.599077 43.718847, -79.599203 43.718929, -79.599172 43.718946, -79.599194 43.718958, -79.599239 43.718985, -79.599248 43.718979, -79.59929 43.719006, -79.599297 43.719012, -79.599313 43.719012, -79.599331 43.719012, -79.599351 43.719017, -79.599376 43.719026, -79.599393 43.719036, -79.599405 43.71905, -79.59941 43.719065, -79.599409 43.719084, -79.599406 43.719096, -79.599422 43.719104, -79.599637 43.719242, -79.599623 43.719252, -79.599637 43.719263, -79.599589 43.719306, -79.599801 43.719441, -79.600047 43.719601, -79.600021 43.719621, -79.6000729 43.7196527, -79.600134 43.71969, -79.600159 43.71967, -79.600327 43.719779, -79.600347 43.719764, -79.600403 43.7198, -79.600383 43.719815, -79.600471 43.71987, -79.600697 43.719816, -79.600676 43.719775, -79.601236 43.719638, -79.60129 43.719757, -79.601329 43.719751, -79.60138 43.719857, -79.601345 43.719866, -79.601396 43.719979, -79.601361 43.719987, -79.6013867 43.7200459, -79.601406 43.72009, -79.601443 43.720081, -79.601477 43.720155, -79.601481 43.720155, -79.601674 43.720107, -79.601836 43.720453, -79.601839 43.720454, -79.601898 43.720583))",43.72039515356001,-79.6000367196085
30082934,2504,mall,Lawrence Allen Centre,"POLYGON ((-79.4485387 43.7167446, -79.4483795 43.7167788, -79.4484632 43.7169766, -79.4484052 43.7169817, -79.4484664 43.7170232, -79.4484386 43.7170464, -79.4483772 43.7170069, -79.4483287 43.7170368, -79.448386 43.7170725, -79.4484239 43.7171462, -79.4482735 43.7171789, -79.4482825 43.717205, -79.4482191 43.71722, -79.4481615 43.7172337, -79.4481524 43.7172131, -79.4480197 43.7172416, -79.4479264 43.7172546, -79.4478906 43.7173064, -79.4476167 43.7173652, -79.447405 43.717412, -79.4473624 43.7174214, -79.4473167 43.7174315, -79.4468996 43.7175237, -79.4468245 43.7173286, -79.4465726 43.7173823, -79.4464095 43.717417, -79.4464017 43.7173908, -79.4462345 43.7174298, -79.4461522 43.7172226, -79.4461033 43.7172302, -79.445977 43.7169075, -79.4459617 43.7168684, -79.4459493 43.7168367, -79.445844 43.7165677, -79.4458856 43.7165048, -79.4463551 43.7164037, -79.4463957 43.7163949, -79.4464419 43.7163857, -79.4465577 43.7163625, -79.446917 43.7162864, -79.446994 43.71627, -79.4470604 43.7162545, -79.4473323 43.7161908, -79.4475592 43.7161426, -79.4481822 43.7160102, -79.448188 43.7160305, -79.4482545 43.7160179, -79.448521 43.7166775, -79.4485387 43.7167446))",43.71678379485235,-79.44725498470793
30430843,2504,mall,Cumberland Terrace,"POLYGON ((-79.3896587 43.6705396, -79.3890027 43.6706799, -79.3878265 43.6709316, -79.3872637 43.671052, -79.3872205 43.6709559, -79.3870915 43.6706642, -79.3875357 43.6705731, -79.3875926 43.6707216, -79.387664 43.6707069, -79.3895763 43.6703137, -79.3896272 43.6704532, -79.3896587 43.6705396))",43.67068338361214,-79.38828843103967
31727498,2504,mall,Dragon City,"POLYGON ((-79.3988681 43.6526447, -79.3986303 43.6526959, -79.3983194 43.6527612, -79.3983145 43.6527519, -79.3983061 43.6527669, -79.3982887 43.6527771, -79.3982666 43.65278, -79.3982454 43.6527748, -79.3982303 43.6527628, -79.3982251 43.652747, -79.3982311 43.6527314, -79.3982173 43.6527348, -79.3981066 43.6524376, -79.3980416 43.6522741, -79.3986607 43.6521368, -79.3986999 43.652236, -79.39875 43.6523601, -79.3988681 43.6526447))",43.65245970504227,-79.39845230422675
31963720,2504,mall,Cloverdale Mall,"POLYGON ((-79.5572128 43.6327459, -79.5566589 43.6330021, -79.5566636 43.6330148, -79.5564356 43.6331172, -79.5564303 43.6331094, -79.5563082 43.6331637, -79.5560306 43.6328517, -79.5559689 43.6328774, -79.5556643 43.6325323, -79.555712 43.6325066, -79.5557247 43.6324997, -79.5556199 43.6323851, -79.5559831 43.6322133, -79.5559466 43.6321752, -79.555913 43.6321358, -79.5556329 43.6322566, -79.5547149 43.6318438, -79.5546795 43.6318279, -79.5546527 43.6318152, -79.5539674 43.6314919, -79.5539383 43.6314782, -79.5539002 43.6314601, -79.5536027 43.6313132, -79.5530584 43.6310643, -79.5532815 43.6308087, -79.5533095 43.6307612, -79.5533455 43.6307229, -79.553765 43.6302774, -79.5543121 43.6305355, -79.5543705 43.6304697, -79.5543905 43.6304764, -79.5544721 43.6305788, -79.5543661 43.6306987, -79.5543891 43.6307099, -79.5544042 43.6306951, -79.554418 43.6306953, -79.5544277 43.6307036, -79.5544253 43.630714, -79.5544703 43.6307354, -79.5545169 43.6307572, -79.5545306 43.6307514, -79.554545 43.630756, -79.554548 43.630765, -79.554537 43.630779, -79.5545715 43.6307953, -79.5545916 43.6307744, -79.5547068 43.6308238, -79.5546525 43.630883, -79.5547157 43.6309129, -79.5548498 43.6308655, -79.5549296 43.6309715, -79.5549738 43.6309521, -79.554951 43.630922, -79.5549698 43.6309064, -79.5550248 43.6308967, -79.5550463 43.6308773, -79.5549215 43.6308162, -79.5548987 43.6307502, -79.554937 43.6307424, -79.5549108 43.6307174, -79.5549514 43.6306975, -79.5549262 43.6306084, -79.5548471 43.6305172, -79.554882 43.6304983, -79.5548129 43.6304172, -79.5548592 43.6303939, -79.554878 43.630392, -79.5548585 43.6303269, -79.5555129 43.6302195, -79.5555472 43.6302139, -79.5557208 43.6308038, -79.5557725 43.6307977, -79.5557876 43.6308499, -79.5558001 43.6308981, -79.5558496 43.6310875, -79.555635 43.6313372, -79.5562141 43.6316077, -79.5565282 43.6319653, -79.5565778 43.6320218, -79.5568252 43.631913, -79.5569077 43.6321688, -79.5570163 43.6321504, -79.5572128 43.6327459))",43.63154377064665,-79.55525603928658
32166469,2504,mall,The Albion Centre,"POLYGON ((-79.586673 43.7421645, -79.5866305 43.7421701, -79.5866104 43.7421727, -79.5866376 43.7422878, -79.5859226 43.742376, -79.5858832 43.7421992, -79.5858432 43.7421923, -79.585807 43.742186, -79.5858528 43.7420873, -79.5857957 43.7420742, -79.5857321 43.7420597, -79.5857696 43.7419604, -79.5858112 43.7419556, -79.5857998 43.7418984, -79.585439 43.7419396, -79.5854753 43.7420772, -79.5852781 43.7421019, -79.5853009 43.7421958, -79.5850454 43.7422249, -79.5850052 43.7420888, -79.5849716 43.7420926, -79.5849536 43.7420946, -79.5849469 43.7420684, -79.5842347 43.7421581, -79.5842421 43.7421832, -79.5836688 43.7422507, -79.5836179 43.742259, -79.583526 43.7422675, -79.5835689 43.7424574, -79.5832081 43.742502, -79.5831686 43.7423426, -79.5827005 43.7423983, -79.5826113 43.742019, -79.5826013 43.7420171, -79.5825577 43.7418335, -79.5825262 43.7417061, -79.5825389 43.7417032, -79.5824189 43.7411906, -79.5831357 43.7411015, -79.5831008 43.7409615, -79.5831994 43.740946, -79.5831947 43.7409319, -79.5833222 43.7409193, -79.5833764 43.7409111, -79.5833784 43.7409227, -79.5838655 43.7408651, -79.583937 43.7411489, -79.5843474 43.7410947, -79.5843648 43.741177, -79.5844815 43.7411625, -79.5845009 43.7412541, -79.5845385 43.7412494, -79.5845747 43.7412449, -79.5845747 43.7412328, -79.5851038 43.7411659, -79.5851393 43.7411514, -79.5851219 43.7410622, -79.5852969 43.7410414, -79.5853435 43.7412369, -79.5853739 43.7412333, -79.5854052 43.7412296, -79.5854176 43.7413016, -79.5863007 43.7411896, -79.5863597 43.7414367, -79.5864046 43.7414324, -79.5864145 43.741474, -79.5864236 43.7415125, -79.5864509 43.7416276, -79.5865455 43.7416174, -79.586673 43.7421645))",43.74168591612013,-79.58439376433229
32518606,2504,mall,Jane-Finch Mall,"POLYGON ((-79.5169809 43.7557244, -79.5165452 43.7558208, -79.5165586 43.7558489, -79.5162788 43.7559152, -79.5162487 43.7559241, -79.5162157 43.7559302, -79.5162999 43.7561338, -79.5161166 43.7561751, -79.5155403 43.7563061, -79.515662 43.7565828, -79.51532 43.7566564, -79.515339 43.7567107, -79.5155793 43.7568014, -79.515732 43.7568591, -79.5157003 43.7568984, -79.5156726 43.7569365, -79.5157735 43.7569787, -79.5157854 43.757005, -79.5145867 43.7572728, -79.5145456 43.757282, -79.5145033 43.7572917, -79.5145114 43.7573111, -79.5140171 43.7574235, -79.5139448 43.757251, -79.513981 43.7572428, -79.5139669 43.7572113, -79.513932 43.7572181, -79.5139204 43.7571905, -79.5139625 43.7571271, -79.5139783 43.7571357, -79.5140021 43.7571294, -79.514026 43.7571219, -79.5140223 43.7571128, -79.5138425 43.756691, -79.5137712 43.756523, -79.514212 43.7564254, -79.5140894 43.7561298, -79.5141971 43.7560235, -79.5143558 43.7559913, -79.5143464 43.7559734, -79.5146537 43.7559068, -79.5147061 43.7558954, -79.5147527 43.755883, -79.5147303 43.7558271, -79.5160757 43.755524, -79.5160053 43.7553467, -79.5164151 43.7552546, -79.5163614 43.7551296, -79.5164687 43.7551045, -79.516523 43.7552265, -79.5167432 43.7551784, -79.5169809 43.7557244))",43.75631607153316,-79.51519351608135
32518607,2504,mall,Yorkgate Mall,"POLYGON ((-79.520258 43.7583341, -79.5202486 43.7584129, -79.5202382 43.758499, -79.5202328 43.7585505, -79.5202211 43.7586521, -79.5202018 43.7586641, -79.5201512 43.7586972, -79.5201489 43.7587178, -79.5201387 43.758799, -79.5201146 43.7590047, -79.5199437 43.7590432, -79.5197459 43.7590877, -79.51968 43.7590613, -79.5196446 43.7590691, -79.519665 43.7591194, -79.519601 43.7591325, -79.5195295 43.7591473, -79.5195092 43.7590991, -79.5194773 43.7591063, -79.5194416 43.759156, -79.5193066 43.7591855, -79.5192385 43.7591598, -79.5191821 43.7591733, -79.5191384 43.7592359, -79.5190513 43.7592542, -79.5189662 43.759221, -79.5185442 43.7593157, -79.5183714 43.7589228, -79.5187316 43.7588428, -79.5187186 43.7588158, -79.5188369 43.7587886, -79.5188108 43.7587247, -79.5189246 43.7586985, -79.5189527 43.7587652, -79.5190573 43.7587415, -79.5192862 43.7586886, -79.5194472 43.7586544, -79.5194483 43.7586416, -79.5194938 43.7582434, -79.5194405 43.7582401, -79.5193977 43.7582374, -79.5194143 43.7580716, -79.519387 43.7580696, -79.5193191 43.7580646, -79.519278 43.757964, -79.5193352 43.7579507, -79.5193014 43.757873, -79.5191191 43.7574384, -79.5192039 43.7573179, -79.5199319 43.757156, -79.5200764 43.757492, -79.5201529 43.7576796, -79.5202418 43.7578838, -79.520162 43.7579019, -79.5202117 43.7580186, -79.5202256 43.7580511, -79.5201689 43.7580862, -79.520166 43.758111, -79.5202517 43.758116, -79.5202416 43.7582241, -79.5201528 43.7582195, -79.5201501 43.7582421, -79.520258 43.7583341))",43.758317594770105,-79.5195615970923
32827380,2504,mall,Finch & Leslie Square,"POLYGON ((-79.367809 43.791231, -79.367743 43.791239, -79.367749 43.791265, -79.367685 43.791272, -79.367679 43.791246, -79.367614 43.791253, -79.367612 43.791246, -79.367594 43.791248, -79.367594 43.791251, -79.367477 43.791265, -79.367454 43.791255, -79.367325 43.791271, -79.367299 43.791261, -79.367183 43.791274, -79.367159 43.79126, -79.367102 43.791008, -79.3670241 43.7910168, -79.366951 43.791025, -79.366995 43.791223, -79.366911 43.791233, -79.366908 43.79122, -79.366612 43.791255, -79.366567 43.791057, -79.366485 43.791066, -79.366475 43.791024, -79.366498 43.791021, -79.366431 43.790718, -79.366406 43.790721, -79.366397 43.790679, -79.36647 43.79067, -79.366468 43.79066, -79.366564 43.790649, -79.366566 43.79066, -79.366863 43.790625, -79.366861 43.790615, -79.3669289 43.7906068, -79.366982 43.790601, -79.36701 43.790565, -79.367301 43.790531, -79.367359 43.790563, -79.367378 43.79056, -79.367384 43.790588, -79.367392 43.79062, -79.367418 43.790617, -79.36748 43.790891, -79.367486 43.790891, -79.367501 43.790959, -79.367431 43.790967, -79.367466 43.791125, -79.367486 43.791123, -79.367468 43.791043, -79.367538 43.791035, -79.367529 43.790997, -79.367559 43.790993, -79.367548 43.790945, -79.367736 43.790923, -79.367745 43.790964, -79.367749 43.790963, -79.367809 43.791231))",43.79092865416025,-79.36707719604274
32845048,2504,mall,Sheridan Centre,"POLYGON ((-79.6552471 43.5310119, -79.654811 43.5313502, -79.6546569 43.5313596, -79.6542596 43.531087, -79.6541442 43.5311788, -79.6540546 43.5311136, -79.6540713 43.5308894, -79.6540743 43.5308496, -79.6540131 43.5308511, -79.6540033 43.5309123, -79.6539006 43.5309073, -79.6538958 43.5310175, -79.6538572 43.5310175, -79.6538474 43.5311084, -79.6538565 43.5311633, -79.653882 43.5311716, -79.654079 43.5312684, -79.654223 43.5313392, -79.6543629 43.5314122, -79.6538911 43.5319241, -79.6533887 43.5318975, -79.6533855 43.5320679, -79.6532607 43.5321382, -79.6524158 43.5321051, -79.6523115 43.532034, -79.6524308 43.5307005, -79.6522832 43.5298636, -79.651796 43.5299005, -79.6516983 43.5291833, -79.6518043 43.5291785, -79.6517976 43.52909, -79.6518445 43.5290793, -79.6518018 43.5287583, -79.6527619 43.5286803, -79.6528476 43.5292086, -79.6529317 43.5292017, -79.6529624 43.5293099, -79.653034 43.5293618, -79.6530144 43.5293807, -79.6533166 43.529581, -79.653546 43.529733, -79.6535742 43.529722, -79.6537601 43.5298443, -79.6539257 43.5299533, -79.6539084 43.529969, -79.654551 43.5303951, -79.6546439 43.5304567, -79.6545506 43.5305086, -79.6552471 43.5310119))",43.53054398524626,-79.65318403820444
32859968,2504,mall,South Common Centre,"POLYGON ((-79.684904 43.5443938, -79.6844293 43.5447589, -79.684537 43.5448325, -79.6841306 43.545145, -79.683728 43.54487, -79.6838409 43.5447832, -79.6836923 43.5446817, -79.68358 43.544768, -79.6830075 43.5443769, -79.6830377 43.5443537, -79.6830016 43.5443291, -79.6829528 43.5442944, -79.682629 43.5440684, -79.6822746 43.5438324, -79.6822368 43.5438065, -79.6815488 43.5433365, -79.6821579 43.542868, -79.6823698 43.5430128, -79.682222 43.5431265, -79.6826983 43.5434518, -79.682811 43.5433652, -79.6827115 43.5432972, -79.6827827 43.5432425, -79.682838 43.5431999, -79.6830594 43.5430297, -79.6836075 43.5433826, -79.6837667 43.5434967, -79.6837971 43.5434765, -79.6839486 43.5435782, -79.6839795 43.5435583, -79.6841078 43.5436496, -79.6839788 43.5437497, -79.684904 43.5443938))",43.54395531796816,-79.68333509047707
33191811,2504,mall,Bramalea City Centre,"POLYGON ((-79.7248611 43.7159575, -79.7242968 43.7164893, -79.7241166 43.7165059, -79.7238298 43.7163372, -79.7238159 43.7162389, -79.7237313 43.7161915, -79.7234202 43.7164688, -79.7228565 43.7169713, -79.7226037 43.7172057, -79.7217805 43.7167302, -79.7214987 43.7170029, -79.7213257 43.7171703, -79.7208282 43.7168654, -79.7203611 43.7165791, -79.7205786 43.716371, -79.7208119 43.7161478, -79.7206928 43.7160875, -79.7208088 43.7159779, -79.7208449 43.7159423, -79.7210423 43.7157561, -79.7208909 43.7156689, -79.720377 43.7153729, -79.7203398 43.715409, -79.7203007 43.7153868, -79.7202988 43.7153267, -79.7208288 43.7148339, -79.7210979 43.7145836, -79.7212519 43.7146677, -79.721313 43.7146084, -79.7214012 43.7146619, -79.721532 43.7145455, -79.721589 43.714574, -79.7220186 43.7141597, -79.7225071 43.7144462, -79.7225834 43.7143759, -79.7229467 43.7140412, -79.7234392 43.7143164, -79.7240396 43.7146519, -79.7235864 43.7150897, -79.7237801 43.7152013, -79.723806 43.7151732, -79.7238943 43.7152306, -79.7238652 43.7152564, -79.7238793 43.7153289, -79.72399 43.7152187, -79.724069 43.7152649, -79.7241333 43.7153024, -79.7239056 43.7154988, -79.723915 43.7155102, -79.7239622 43.7155051, -79.7239947 43.7154673, -79.7241815 43.7154521, -79.7248424 43.7158382, -79.7248611 43.7159575))",43.71566104625234,-79.72241702156879
33290371,2504,mall,CF Sherway Gardens,"POLYGON ((-79.56026 43.6116174, -79.559413 43.6117912, -79.5594006 43.6117661, -79.5592172 43.6118018, -79.5592001 43.6118356, -79.5592489 43.6119419, -79.5591282 43.6120556, -79.5590396 43.6121531, -79.5592771 43.6121717, -79.5592157 43.612248, -79.559215 43.6126467, -79.5592935 43.6126401, -79.5594224 43.6127454, -79.5593566 43.6127851, -79.5592603 43.6128401, -79.5593579 43.6129305, -79.5594147 43.6128963, -79.5596691 43.6131466, -79.5593402 43.6133226, -79.5592613 43.6132496, -79.5591929 43.6132447, -79.5591931 43.613294, -79.5591934 43.6133542, -79.5588647 43.6134064, -79.5586658 43.6134299, -79.5585665 43.6134416, -79.55846 43.6134546, -79.5581716 43.6134449, -79.5578653 43.6134033, -79.5577463 43.6130813, -79.5573121 43.6131564, -79.55718 43.6127625, -79.5572724 43.6127371, -79.5572176 43.6125842, -79.5567876 43.6126615, -79.5568383 43.6128178, -79.5567339 43.6128369, -79.5567128 43.6128408, -79.5566857 43.6128488, -79.5567203 43.6129471, -79.5564602 43.6129865, -79.5564434 43.6130166, -79.5561929 43.6130058, -79.5561594 43.6129367, -79.5560068 43.612962, -79.5559622 43.6129159, -79.5559988 43.6127559, -79.5559385 43.6127494, -79.5558739 43.6127443, -79.5558608 43.612779, -79.5558016 43.6128548, -79.5558647 43.6129155, -79.5557866 43.6129561, -79.5550595 43.6126319, -79.5550311 43.6126662, -79.5547164 43.6127248, -79.5543312 43.6125525, -79.5542788 43.6123989, -79.5541473 43.6120138, -79.5543741 43.6117374, -79.5546997 43.6116874, -79.5548578 43.6117642, -79.5548786 43.6117339, -79.554833 43.6117133, -79.554817 43.6116651, -79.55475 43.6116382, -79.5548765 43.6114957, -79.5550669 43.6115725, -79.5550991 43.611526, -79.5550218 43.6114904, -79.5551857 43.6112985, -79.555357 43.6113246, -79.5554142 43.611292, -79.5554524 43.6112694, -79.5554658 43.6112103, -79.5557621 43.6111577, -79.5559983 43.6117676, -79.5557753 43.6118139, -79.5558903 43.612126, -79.5563765 43.6120443, -79.556265 43.6117253, -79.5560875 43.6117588, -79.55587 43.6111409, -79.5564076 43.6110345, -79.5564314 43.6110071, -79.5564762 43.6109674, -79.556195 43.611016, -79.5560089 43.610478, -79.5572663 43.6102215, -79.5574112 43.6106585, -79.5574533 43.6107856, -79.5572526 43.6108223, -79.557272 43.6108791, -79.5572888 43.6109283, -79.5578919 43.6108254, -79.5578369 43.6106658, -79.5582069 43.6105962, -79.5582663 43.6106468, -79.5582463 43.6107625, -79.5582503 43.6108006, -79.5582983 43.6108053, -79.5583452 43.6108085, -79.5583732 43.6107805, -79.5584054 43.6106577, -79.5584659 43.6106249, -79.5588636 43.6107983, -79.5589725 43.6111197, -79.5592131 43.6110757, -79.5591824 43.6109819, -79.5599895 43.6108352, -79.5600261 43.6109406, -79.5599917 43.6109446, -79.5600132 43.6110178, -79.5600531 43.6110111, -79.56026 43.6116174))",43.611905302957744,-79.55733389056118
33298271,2504,mall,Shoppers World Brampton,"POLYGON ((-79.7407255 43.666432, -79.7405512 43.666593, -79.7405747 43.66661, -79.7403067 43.6668542, -79.7402132 43.6667972, -79.7401194 43.6668776, -79.7400711 43.666919, -79.7399028 43.6669374, -79.7396489 43.6667925, -79.7395785 43.666856, -79.7394919 43.6668057, -79.7390501 43.667204, -79.7388928 43.6671126, -79.7387447 43.6672413, -79.7388835 43.6673245, -79.7386811 43.6675121, -79.7388028 43.6675828, -79.7389244 43.6676534, -79.7389445 43.6676364, -79.7391906 43.6677765, -79.7392691 43.667713, -79.7393214 43.667744, -79.7389627 43.6680676, -79.7389003 43.6680714, -79.7386315 43.6679173, -79.73851 43.6678467, -79.7383882 43.667776, -79.7380038 43.6675602, -79.7384041 43.6671867, -79.7382746 43.6671118, -79.7380695 43.6669932, -79.7375827 43.6674283, -79.7375072 43.6673843, -79.7369241 43.6670444, -79.7363428 43.6667055, -79.7366492 43.6664281, -79.7368518 43.6665445, -79.7368927 43.6665067, -79.7367679 43.666432, -79.7369322 43.6662772, -79.7365113 43.6660336, -79.7364152 43.665978, -79.7359311 43.6664189, -79.7359418 43.6664266, -79.7359043 43.6664538, -79.7358687 43.6664349, -79.7358419 43.6664519, -79.7351365 43.6660539, -79.7351459 43.666042, -79.7349139 43.6659217, -79.7349232 43.665913, -79.7344398 43.6656476, -79.7349246 43.6652096, -79.7354382 43.6655065, -79.735575 43.6653838, -79.7358821 43.6655615, -79.7359552 43.6654987, -79.735925 43.6654822, -79.735947 43.6654538, -79.7355291 43.6652321, -79.7358741 43.6649244, -79.7362603 43.6651446, -79.736285 43.6651206, -79.7363341 43.6650728, -79.7362483 43.6650224, -79.7361758 43.6650253, -79.7359331 43.6648778, -79.7361755 43.6646643, -79.7361927 43.6646495, -79.7366024 43.6642899, -79.7370864 43.6645698, -79.7371501 43.6645179, -79.7373533 43.6646382, -79.7370564 43.6649042, -79.7371645 43.6649717, -79.7372627 43.6648865, -79.737524 43.665035, -79.737863 43.6652276, -79.7377703 43.6653134, -79.7378679 43.6653693, -79.7379617 43.665285, -79.7385221 43.6656074, -79.7385536 43.6655851, -79.7387611 43.6657062, -79.7395157 43.666147, -79.7398042 43.6663156, -79.7400902 43.66606, -79.7402351 43.6661456, -79.7403059 43.6661278, -79.7403393 43.6662025, -79.7404479 43.6662666, -79.7405049 43.666254, -79.7405244 43.6662894, -79.7405277 43.6663141, -79.7407255 43.666432))",43.66611628527817,-79.73755239819552
33300669,2504,mall,Kennedy Square Mall,"POLYGON ((-79.7391974 43.6903493, -79.7384324 43.6904007, -79.7384294 43.6903664, -79.7383642 43.6903643, -79.7383642 43.6903386, -79.7382871 43.690345, -79.7382752 43.6903171, -79.7381207 43.6903549, -79.738049 43.6898861, -79.7380128 43.6899042, -79.7373198 43.6893866, -79.7374131 43.689331, -79.7373418 43.6892868, -79.737672 43.6890507, -79.7376151 43.6890096, -79.7381239 43.6886567, -79.7391003 43.6894202, -79.7391974 43.6903493))",43.68958817762828,-79.73836342766663
33791157,2504,mall,Bayview Village,"POLYGON ((-79.3877501 43.7691958, -79.3874677 43.7692548, -79.3875036 43.7693384, -79.3875189 43.7693739, -79.3870836 43.7694746, -79.3870065 43.7692974, -79.3869759 43.7692271, -79.3870351 43.7692141, -79.38697 43.7690549, -79.3866854 43.7691169, -79.3867013 43.769147, -79.3865872 43.7691719, -79.3857633 43.7693548, -79.3857765 43.7693782, -79.3855918 43.7694181, -79.3845588 43.7696327, -79.3845276 43.7696731, -79.3845033 43.7697097, -79.3846082 43.7699627, -79.3841723 43.7700522, -79.3842064 43.7701205, -79.3839981 43.7701616, -79.3839754 43.7701041, -79.3839106 43.7701166, -79.3837388 43.7693768, -79.3836657 43.7690622, -79.3835971 43.768701, -79.3840042 43.768616, -79.3843521 43.7685374, -79.3844641 43.7688134, -79.384554 43.7687903, -79.384446 43.7685149, -79.3851599 43.7683761, -79.3861746 43.7681572, -79.3865611 43.768075, -79.3866749 43.7683726, -79.3873376 43.7682278, -79.3874616 43.7685188, -79.3877258 43.7691388, -79.3877501 43.7691958))",43.768963476091926,-79.3855188839175
34121937,2504,mall,Holt Renfrew Centre,"POLYGON ((-79.3889832 43.6704061, -79.3881234 43.6705852, -79.3881054 43.6706063, -79.3876891 43.670691, -79.3876661 43.6706821, -79.387482 43.6702192, -79.3876978 43.6701794, -79.3878016 43.6701603, -79.3878061 43.6701749, -79.3881527 43.6701115, -79.3881392 43.670087, -79.3883997 43.6700434, -79.3888166 43.6699771, -79.3889803 43.67037, -79.3889832 43.6704061))",43.67032486720356,-79.38823038695493
34228019,2504,mall,Yonge-Eglinton Centre,"POLYGON ((-79.4002213 43.7078156, -79.4001376 43.7078336, -79.3998632 43.7078901, -79.3998242 43.7077966, -79.3990718 43.7079586, -79.3991071 43.708043, -79.3988972 43.7080873, -79.3988634 43.7081039, -79.3988229 43.7081024, -79.3987924 43.7080843, -79.3987825 43.7080554, -79.3987989 43.7080284, -79.3987817 43.7079857, -79.3987948 43.7079838, -79.3987765 43.707936, -79.3987948 43.7079322, -79.3987761 43.7078798, -79.3987575 43.7078724, -79.3987408 43.707858, -79.3987335 43.7078334, -79.3987403 43.7078154, -79.3987535 43.7078027, -79.3987713 43.7077942, -79.3986944 43.7076005, -79.3987207 43.7075942, -79.3987119 43.7075737, -79.3986808 43.7075533, -79.3986681 43.7075233, -79.3986795 43.7074951, -79.3986629 43.7074577, -79.3986838 43.7074524, -79.398708 43.7074464, -79.3986225 43.7072712, -79.3986218 43.7072464, -79.3986306 43.7072227, -79.3986386 43.7072132, -79.398644 43.7072067, -79.3986581 43.7071975, -79.3986748 43.7071946, -79.3986949 43.7071946, -79.3987164 43.7071989, -79.3987399 43.7072101, -79.398762 43.7072043, -79.3987184 43.707081, -79.3987177 43.707079, -79.3987045 43.7070411, -79.398718 43.7070379, -79.3987821 43.7070235, -79.3987726 43.7069836, -79.398763 43.7069384, -79.3986871 43.7069459, -79.3986639 43.7068437, -79.3986978 43.7068411, -79.3986935 43.7068152, -79.3990014 43.7067383, -79.3992316 43.7066878, -79.399259 43.7067573, -79.3992874 43.706751, -79.3993168 43.7067445, -79.3992843 43.7066763, -79.3997642 43.7065623, -79.3999261 43.7069808, -79.3997142 43.7070264, -79.3997383 43.7070826, -79.399918 43.7070477, -79.4000696 43.7074282, -79.4001038 43.7075145, -79.4002213 43.7078156))",43.70733504748842,-79.39935418257986
34228127,2504,mall,Woodbridge Mall,"POLYGON ((-79.6119802 43.7762646, -79.6119088 43.7762737, -79.6119466 43.7763706, -79.6119256 43.7764586, -79.6117954 43.7763918, -79.6117618 43.7764191, -79.611787 43.7764798, -79.6116232 43.7765071, -79.6116022 43.7764646, -79.6105893 43.7766818, -79.6105566 43.7766677, -79.6103381 43.7765738, -79.6105859 43.7761403, -79.6106408 43.776178, -79.6108295 43.7761433, -79.6109344 43.7761797, -79.6109806 43.7761069, -79.6110898 43.7761554, -79.6111268 43.7761114, -79.6111612 43.7760705, -79.6117786 43.7759431, -79.6118374 43.7760948, -79.611913 43.7760796, -79.6119802 43.7762646))",43.77632421742337,-79.61118015517123
34551714,2504,mall,信和廣場 Dixie Park Centre,"POLYGON ((-79.6147976 43.6320378, -79.6142147 43.6324951, -79.6141194 43.6324314, -79.614088 43.6324561, -79.6139721 43.6323787, -79.6138732 43.6324563, -79.6137465 43.6323717, -79.6136569 43.6324421, -79.6135736 43.6323864, -79.6143764 43.6317566, -79.6145036 43.6318415, -79.6145358 43.6318162, -79.6146928 43.631921, -79.6146606 43.6319463, -79.6147976 43.6320378))",43.63215142281583,-79.61423754075446
34971728,2504,mall,North York Sheridan Mall,"POLYGON ((-79.513207 43.721241, -79.5127515 43.7213443, -79.5126999 43.7213547, -79.512587 43.72138, -79.512652 43.721533, -79.512224 43.7216285, -79.5122 43.721572, -79.512172 43.721578, -79.512236 43.721727, -79.512092 43.721759, -79.512115 43.721815, -79.5121584 43.7218057, -79.5121734 43.7218388, -79.5121859 43.7218666, -79.5122006 43.7218991, -79.5122132 43.7219271, -79.5120834 43.7219531, -79.5120897 43.7219697, -79.5120293 43.7219869, -79.5119717 43.7219976, -79.5121661 43.7224536, -79.5120591 43.7224786, -79.512133 43.7226645, -79.5110755 43.7229002, -79.5108936 43.7229434, -79.5107295 43.7225493, -79.5107156 43.7225071, -79.510527 43.722045, -79.510519 43.722047, -79.510495 43.721992, -79.510455 43.722, -79.510428 43.721936, -79.510467 43.721927, -79.510445 43.721875, -79.51046 43.721872, -79.510363 43.721644, -79.510326 43.721652, -79.510271 43.721523, -79.510309 43.721514, -79.510305 43.721505, -79.510389 43.721486, -79.510381 43.721468, -79.510735 43.721388, -79.510761 43.721449, -79.510834 43.721433, -79.51091 43.721612, -79.511029 43.721586, -79.511169 43.721916, -79.5114497 43.7218598, -79.511365 43.721656, -79.511214 43.721689, -79.511019 43.72123, -79.511212 43.721187, -79.5112 43.72116, -79.5112913 43.7211394, -79.511399 43.721115, -79.51141 43.721141, -79.5124145 43.7209174, -79.5124018 43.720888, -79.5124924 43.7208708, -79.5125746 43.72085, -79.5125844 43.7208796, -79.51301 43.72078, -79.513015 43.720791, -79.513049 43.720872, -79.513207 43.721241))",43.72181858949329,-79.51160625622482
34976916,2504,mall,Empress Walk,"POLYGON ((-79.4126392 43.7691686, -79.4126354 43.7691925, -79.4126146 43.7692131, -79.4125858 43.7692235, -79.4119631 43.7693613, -79.4119477 43.7693622, -79.4119329 43.7693594, -79.4119203 43.7693535, -79.4119103 43.7693443, -79.4116983 43.7688359, -79.4117063 43.7688342, -79.4118181 43.7688099, -79.4117938 43.7687508, -79.411782 43.7687519, -79.411772 43.7687501, -79.4117626 43.7687469, -79.4117558 43.7687418, -79.4117513 43.7687363, -79.4117479 43.7687298, -79.4117481 43.7687234, -79.4117504 43.7687143, -79.4117558 43.7687081, -79.4117649 43.7687028, -79.4117729 43.7686996, -79.4116822 43.7684886, -79.4116623 43.7684421, -79.4117346 43.7684257, -79.4116923 43.768322, -79.4116813 43.7682958, -79.4116141 43.7681474, -79.4116409 43.7681415, -79.4116376 43.768133, -79.411642 43.7681318, -79.411705 43.7681178, -79.4117073 43.768125, -79.4117184 43.7681226, -79.4118006 43.7681046, -79.4118796 43.7680873, -79.4118879 43.7680794, -79.411901 43.7680765, -79.4119077 43.7680773, -79.4118971 43.7680499, -79.4120104 43.7680255, -79.4120244 43.7680581, -79.412076 43.7680468, -79.4122578 43.7680087, -79.4123308 43.767992, -79.4123614 43.7680709, -79.4123517 43.7680732, -79.4123811 43.7681446, -79.4123695 43.7681466, -79.4123988 43.7682167, -79.4123883 43.7682192, -79.4124168 43.7682892, -79.4124064 43.7682926, -79.4124178 43.7683209, -79.4124346 43.7683611, -79.4124238 43.7683638, -79.4124534 43.7684325, -79.4124436 43.7684357, -79.4124736 43.7685099, -79.412423 43.768535, -79.4124354 43.7685468, -79.4124473 43.7685601, -79.412461 43.7685782, -79.4124735 43.7685972, -79.412485 43.7686193, -79.4124937 43.7686399, -79.412503 43.7686692, -79.4125065 43.7686935, -79.4125091 43.7687194, -79.412549 43.7688157, -79.4125402 43.7688185, -79.4125696 43.7688885, -79.4125589 43.7688901, -79.4125867 43.768959, -79.4125757 43.7689623, -79.412605 43.769029, -79.4126392 43.7691686))",43.76868774715542,-79.41212198235442
42790801,2504,mall,Humbertown Shopping Centre,"POLYGON ((-79.520405 43.661587, -79.520263 43.661621, -79.520134 43.661651, -79.520012 43.661679, -79.520089 43.661853, -79.52018 43.661831, -79.520261 43.662012, -79.520099 43.66205, -79.520178 43.662228, -79.520106 43.662244, -79.520124 43.662286, -79.519968 43.66237, -79.519998 43.662399, -79.52003 43.662382, -79.520065 43.662416, -79.520034 43.662433, -79.520043 43.662442, -79.519828 43.662558, -79.519847 43.662576, -79.519772 43.662616, -79.519582 43.662428, -79.519531 43.662455, -79.519388 43.662314, -79.519451 43.66228, -79.5194336 43.6622626, -79.519414 43.662243, -79.519354 43.662275, -79.519212 43.662135, -79.5195944 43.6619294, -79.519644 43.6619027, -79.519662 43.661893, -79.51961 43.661777, -79.51949 43.661515, -79.5194699 43.6614698, -79.5194672 43.6614637, -79.519458 43.661443, -79.5194447 43.6614429, -79.518911 43.66144, -79.5189128 43.6612639, -79.5189134 43.661213, -79.5189134 43.6612083, -79.518914 43.661149, -79.518952 43.66115, -79.518954 43.66104, -79.51907 43.661041, -79.51907 43.661028, -79.519181 43.661029, -79.519181 43.661012, -79.51956 43.661014, -79.51956 43.661041, -79.519725 43.661042, -79.519778 43.661154, -79.519918 43.661119, -79.5199598 43.6612078, -79.519966 43.661221, -79.520022 43.661207, -79.52007 43.66131, -79.520012 43.661325, -79.520016 43.661332, -79.519956 43.661347, -79.519981 43.661399, -79.520038 43.661385, -79.520138 43.66136, -79.520163 43.661354, -79.520144 43.661314, -79.520268 43.661283, -79.520288 43.661324, -79.520405 43.661587))",43.661694671056246,-79.51969135402955
43414015,2504,mall,Design Living Centre,"POLYGON ((-79.4654367 43.6989977, -79.4641658 43.6992775, -79.4640648 43.6990377, -79.463991 43.699054, -79.4639448 43.6989443, -79.4640427 43.6989227, -79.4638967 43.698576, -79.4651435 43.6983015, -79.4654367 43.6989977))",43.698791700646055,-79.46465528308255
49229245,2504,mall,Centre City Place,"POLYGON ((-79.6190532 43.5823913, -79.6188354 43.5825592, -79.6188195 43.5825457, -79.6187902 43.582565, -79.6188115 43.5825786, -79.6187557 43.582623, -79.618737 43.5826114, -79.6187159 43.5826288, -79.6187318 43.5826423, -79.6186999 43.5826616, -79.6187185 43.5826732, -79.6186016 43.5827639, -79.6184873 43.5826865, -79.6178366 43.5822156, -79.6182802 43.5818873, -79.6183068 43.5819027, -79.6183439 43.5818776, -79.6185405 43.5820205, -79.6185459 43.5820784, -79.6185698 43.5820649, -79.6185939 43.5820806, -79.6186202 43.5820977, -79.6186043 43.5821152, -79.618692 43.5821209, -79.6190532 43.5823913))",43.58230934126691,-79.618447713317
62004751,2504,mall,Greenwin Square,"POLYGON ((-79.3786687 43.6718004, -79.3784622 43.6718545, -79.3784355 43.6718737, -79.3784116 43.671878, -79.3783922 43.6718815, -79.3783462 43.6718753, -79.3782925 43.6718886, -79.3781539 43.6719217, -79.3781639 43.6719458, -79.3781134 43.6719567, -79.3777658 43.6720319, -79.3776048 43.6716423, -79.3774723 43.6713303, -79.3781297 43.6711892, -79.3781691 43.6711807, -79.3782401 43.6713467, -79.3783697 43.6713153, -79.3784957 43.6716174, -79.3785892 43.671597, -79.3786687 43.6718004))",43.67160327885453,-79.37803653447558
83785768,2504,mall,Yorkville Village,"POLYGON ((-79.3953928 43.6722684, -79.3947532 43.6724017, -79.3944929 43.672456, -79.3941099 43.6715058, -79.3940614 43.6715166, -79.3940829 43.6715712, -79.3939012 43.6716098, -79.3937013 43.6711209, -79.3937505 43.6711103, -79.3937696 43.6711062, -79.3937879 43.6711023, -79.3938054 43.6710985, -79.3940117 43.6710551, -79.3940307 43.6710511, -79.3940497 43.6710472, -79.3940677 43.6710435, -79.3941309 43.6710311, -79.3941534 43.6710883, -79.3941764 43.6710833, -79.3943306 43.6710515, -79.3943701 43.6710437, -79.3943479 43.6709872, -79.3944736 43.6709596, -79.3944914 43.6709556, -79.3945094 43.6709517, -79.394527 43.6709478, -79.3947349 43.6709034, -79.3947541 43.6708991, -79.3947728 43.670895, -79.3947907 43.6708911, -79.3948426 43.67088, -79.3948883 43.67087, -79.3950679 43.671309, -79.3950228 43.6713189, -79.3950991 43.6715022, -79.3952047 43.6717582, -79.3951888 43.6717616, -79.3951918 43.6717693, -79.3951727 43.6717736, -79.3951905 43.671817, -79.3952114 43.671813, -79.3952148 43.6718215, -79.3952309 43.6718186, -79.3953603 43.6721297, -79.3953428 43.6721334, -79.395349 43.6721494, -79.3953676 43.6721583, -79.3953753 43.6721697, -79.3953795 43.6721759, -79.3953802 43.6721944, -79.3953704 43.6722118, -79.3953928 43.6722684))",43.67163960017061,-79.39461726266524
85613576,2504,mall,Manulife Centre,"POLYGON ((-79.3891804 43.6695697, -79.3891132 43.6695845, -79.3891461 43.6696625, -79.3887471 43.6697665, -79.3881536 43.6698816, -79.3881304 43.6698266, -79.3880839 43.6698369, -79.3880122 43.6696448, -79.3877117 43.6688967, -79.3876308 43.6686812, -79.3880448 43.6685987, -79.3881842 43.6685703, -79.3883172 43.6685407, -79.3887274 43.668459, -79.3888226 43.6686924, -79.3889052 43.6688944, -79.3888797 43.6688991, -79.3890579 43.6693627, -79.3890906 43.6693552, -79.3891085 43.6693993, -79.3891804 43.6695697))",43.66917198410271,-79.38841108425913
87275419,2504,mall,,"POLYGON ((-79.7152693 43.5454073, -79.715179 43.5455684, -79.7146362 43.5454087, -79.7140599 43.545293, -79.7141154 43.5451478, -79.714159 43.5451319, -79.7147052 43.5452415, -79.7152693 43.5454073))",43.54533654121632,-79.71466439148895
111776347,2504,mall,Yonge Sheppard Centre,"POLYGON ((-79.4111036 43.7632614, -79.4107374 43.763342, -79.4107166 43.7632965, -79.4106897 43.7633022, -79.4105769 43.7633276, -79.4105711 43.7633287, -79.4102646 43.7633995, -79.410268 43.7634084, -79.4102805 43.7634372, -79.4099837 43.7635033, -79.4099709 43.7634704, -79.4099488 43.7634747, -79.4099414 43.7634568, -79.4092414 43.7636123, -79.4092293 43.7635841, -79.4090986 43.7636169, -79.4090657 43.7635425, -79.4088283 43.7635934, -79.4088035 43.7635299, -79.4089624 43.7634931, -79.4089441 43.7634536, -79.4093786 43.763356, -79.4092814 43.7631263, -79.4093044 43.7631193, -79.4094206 43.7630938, -79.409375 43.762986, -79.4098428 43.7628814, -79.4098361 43.7628665, -79.4099497 43.7628402, -79.4099382 43.7628147, -79.4099276 43.7627874, -79.4100576 43.7627568, -79.4099262 43.7624579, -79.4097202 43.7625033, -79.4096839 43.7624135, -79.4093276 43.7624932, -79.4093054 43.7624399, -79.4092834 43.7623869, -79.4091394 43.762419, -79.4090506 43.7622058, -79.4090267 43.7621488, -79.4096119 43.7620202, -79.4096179 43.7620339, -79.4098011 43.761996, -79.4098316 43.7619894, -79.409837 43.7620029, -79.4100382 43.761959, -79.4102572 43.7619109, -79.4104162 43.7618742, -79.4104091 43.7618572, -79.4106925 43.7617954, -79.4108078 43.7620863, -79.4107579 43.7620959, -79.4107908 43.7621745, -79.410795 43.7621845, -79.4108144 43.7622311, -79.4108354 43.7622796, -79.4108585 43.7623348, -79.4108111 43.7623454, -79.4108823 43.7625154, -79.4108707 43.7625184, -79.4109423 43.7626873, -79.4108684 43.7627026, -79.4108969 43.762772, -79.4108993 43.7627797, -79.4109578 43.7629145, -79.4110376 43.7631006, -79.4110827 43.7632132, -79.4111036 43.7632614))",43.76272783333948,-79.41011471013557
114704540,2504,mall,Beach Mall,"POLYGON ((-79.3013942 43.669656, -79.3010868 43.6697238, -79.3009211 43.6693311, -79.3012286 43.6692633, -79.3013942 43.669656))",43.66949354055215,-79.30115766957593
138282856,2504,mall,Westdale Mall,"POLYGON ((-79.646993 43.5575179, -79.6467674 43.5576897, -79.6467268 43.5577206, -79.6467633 43.5577457, -79.6466928 43.5577994, -79.6466599 43.5577766, -79.6464854 43.5579094, -79.6462678 43.5577593, -79.6460757 43.5579056, -79.6460516 43.5579239, -79.6461421 43.5579863, -79.6452797 43.5586474, -79.6451819 43.5585712, -79.645258 43.5585233, -79.6450226 43.558361, -79.6449128 43.5584447, -79.6446282 43.5582484, -79.64474 43.5581633, -79.6446692 43.5581144, -79.6449008 43.557938, -79.6448657 43.5579138, -79.6451799 43.5576746, -79.6452179 43.5577008, -79.6458061 43.5572386, -79.6457599 43.5572072, -79.6451382 43.5567848, -79.6451355 43.5567407, -79.6455194 43.5564553, -79.6457366 43.5566051, -79.6457702 43.5565796, -79.6458888 43.5566614, -79.645924 43.5566346, -79.6461368 43.5567814, -79.646084 43.5568215, -79.6461432 43.5568623, -79.6460954 43.5568987, -79.646993 43.5575179))",43.5575890617498,-79.64575688448691
144346950,2504,mall,York Lanes,"POLYGON ((-79.5024944 43.7743338, -79.5024138 43.7743509, -79.5023981 43.7743686, -79.501122 43.774665, -79.5011281 43.774679, -79.5007974 43.7747534, -79.5007238 43.7745877, -79.5006171 43.7743378, -79.5005846 43.7743453, -79.5005723 43.7743178, -79.5005604 43.7742905, -79.5010399 43.7741823, -79.5017814 43.7740123, -79.5023351 43.7738861, -79.5023568 43.7739322, -79.5023741 43.7739693, -79.5023829 43.7739889, -79.5023687 43.7740034, -79.5024857 43.7742732, -79.5024763 43.7742847, -79.5024944 43.7743338))",43.77431582362308,-79.50154703541946
149419255,2504,mall,Dixie Outlet Mall,"POLYGON ((-79.5720802 43.5921325, -79.5718423 43.5923583, -79.5713819 43.5927828, -79.5713717 43.5927822, -79.5713717 43.5928099, -79.5712349 43.5929389, -79.5710355 43.593118, -79.5709862 43.5931186, -79.5707952 43.5930147, -79.5707298 43.5930712, -79.5706817 43.5932161, -79.57056 43.5935208, -79.5699903 43.5934125, -79.5699801 43.5934451, -79.5699352 43.5934358, -79.5698816 43.593426, -79.5698952 43.5933916, -79.5691607 43.5932416, -79.5690979 43.5934082, -79.5686037 43.5933129, -79.568546 43.5933269, -79.5684835 43.5933408, -79.5681876 43.5941381, -79.5681732 43.5941354, -79.5681557 43.5941881, -79.5681426 43.5942045, -79.5681579 43.5942125, -79.5681278 43.5942583, -79.5680908 43.5943029, -79.568073 43.5942949, -79.5680247 43.5943458, -79.5680782 43.594382, -79.568082 43.5944755, -79.567795 43.5946851, -79.5679037 43.5947595, -79.5678714 43.5947822, -79.567834 43.5947564, -79.5677805 43.594797, -79.5674587 43.5948001, -79.5672898 43.5946863, -79.5672439 43.5947214, -79.5666861 43.5943377, -79.5669009 43.5941722, -79.5669145 43.5941802, -79.5672654 43.5939228, -79.5674562 43.5937793, -79.5674977 43.5936679, -79.5673915 43.5936451, -79.5674306 43.5935467, -79.5675325 43.5935677, -79.5676658 43.5932233, -79.5674314 43.5931765, -79.5673728 43.5931285, -79.567352 43.5930985, -79.5673342 43.5930985, -79.5669863 43.5934232, -79.5665916 43.5931978, -79.5663297 43.5930506, -79.5657362 43.5927137, -79.5662517 43.5922185, -79.5663841 43.5922941, -79.5665366 43.5921554, -79.5666626 43.5920408, -79.5676124 43.5925782, -79.5676436 43.5925486, -79.5678394 43.5926217, -79.5678394 43.5926469, -79.5676172 43.5928435, -79.5677877 43.5928782, -79.5678838 43.5926443, -79.5680248 43.5926726, -79.5688908 43.5928462, -79.5689203 43.5928526, -79.568996 43.5926422, -79.5700251 43.5928421, -79.5700743 43.5927952, -79.5700635 43.5927887, -79.5701241 43.5927334, -79.5700233 43.5926765, -79.5704428 43.592286, -79.5704856 43.5922832, -79.5704771 43.5922786, -79.571188 43.5916264, -79.5714426 43.5917699, -79.571493 43.5917255, -79.5715651 43.5917673, -79.5715182 43.5918151, -79.5720802 43.5921325))",43.59305257608148,-79.56870729777074
202903577,2504,mall,Village by the Grange,"POLYGON ((-79.3911474 43.6539546, -79.3909652 43.6539997, -79.3909315 43.654008, -79.3907665 43.6540196, -79.3907289 43.6540235, -79.3907889 43.6541651, -79.3907375 43.65418, -79.3907704 43.6542566, -79.3908094 43.6543475, -79.3905863 43.6543968, -79.3905788 43.6543793, -79.3905405 43.654386, -79.3905104 43.6544, -79.3904755 43.6544057, -79.3904401 43.6544026, -79.3904082 43.6543908, -79.3903837 43.654372, -79.3903699 43.6543433, -79.3903633 43.6543225, -79.3903462 43.6542651, -79.3903276 43.6542685, -79.3902548 43.6540873, -79.3902407 43.6540523, -79.3902788 43.6540454, -79.3905431 43.6539865, -79.3906955 43.6539583, -79.3906426 43.65383, -79.3905559 43.6536198, -79.3903789 43.6536557, -79.3902247 43.6532657, -79.3903937 43.6532268, -79.3903642 43.6531521, -79.390562 43.6531063, -79.3906451 43.6530867, -79.390671 43.6530806, -79.3907491 43.6530629, -79.3908108 43.653222, -79.3908268 43.6532152, -79.3908899 43.6533802, -79.3909033 43.6533753, -79.3909677 43.6535344, -79.3908736 43.653555, -79.3908473 43.6535607, -79.3907813 43.6535752, -79.3907914 43.653599, -79.3908014 43.6536227, -79.3908653 43.6536083, -79.3908921 43.6536022, -79.3909905 43.65358, -79.3909939 43.6535882, -79.3910884 43.6538139, -79.3911474 43.6539546))",43.65371854433164,-79.39064968908134
274707883,2504,mall,Ceremonial Plaza,"POLYGON ((-79.663506 43.6047795, -79.6634667 43.6050792, -79.6630767 43.6053269, -79.6629672 43.6052353, -79.663234 43.605073, -79.6633093 43.6049888, -79.6633101 43.6049824, -79.663335 43.6047819, -79.663506 43.6047795))",43.60505565849209,-79.66329488329764
305364537,2504,mall,College Park,"POLYGON ((-79.3841321 43.6610338, -79.3832412 43.6612361, -79.383014 43.6606978, -79.3826905 43.6599315, -79.382993 43.6598591, -79.3831438 43.6598236, -79.3833394 43.6602972, -79.3836125 43.6604099, -79.383844 43.6603657, -79.3838769 43.6604036, -79.3838922 43.6604413, -79.3839099 43.660485, -79.3839727 43.6606397, -79.3840727 43.6608861, -79.3840931 43.6609362, -79.3841265 43.6610198, -79.3841321 43.6610338))",43.660598800919885,-79.3833878164305
366547307,2504,mall,The Tenor,"POLYGON ((-79.3810577 43.6570147, -79.3810116 43.6570241, -79.3809031 43.6570463, -79.3806144 43.6571052, -79.3806934 43.657303, -79.3807524 43.6574521, -79.3807604 43.6574771, -79.380702 43.6574893, -79.3806213 43.6575061, -79.3801931 43.6575955, -79.3800732 43.657305, -79.3799383 43.6569782, -79.3798874 43.6568548, -79.3798048 43.6566546, -79.379778 43.6565573, -79.379834 43.6565428, -79.3798303 43.6565233, -79.3798447 43.6565061, -79.3798692 43.6564947, -79.3799024 43.6564901, -79.3801937 43.6565542, -79.3801988 43.6565422, -79.3802847 43.6565619, -79.3805463 43.6565087, -79.3805781 43.6565023, -79.3806665 43.6564838, -79.3806679 43.6564875, -79.3807852 43.6564612, -79.3808184 43.6564653, -79.3808337 43.6564733, -79.3808436 43.6564869, -79.380982 43.6568197, -79.3810577 43.6570147))",43.65695663039549,-79.38040320792234
373162246,2504,mall,Square One,"POLYGON ((-79.6460771 43.592815, -79.6457784 43.5930672, -79.6452524 43.5930976, -79.6451669 43.5930449, -79.6447946 43.5933616, -79.6447879 43.5934028, -79.6447658 43.5934242, -79.6447353 43.5934445, -79.6446778 43.5934526, -79.6446347 43.5934894, -79.6446414 43.5934935, -79.6444567 43.5936513, -79.6440659 43.5934114, -79.6440426 43.5934339, -79.6439865 43.593451, -79.6439268 43.593414, -79.6438752 43.5934578, -79.6437947 43.5934079, -79.6436995 43.5934884, -79.6446236 43.594061, -79.6445763 43.5940997, -79.6445843 43.5941048, -79.644394 43.5942608, -79.6444004 43.5942649, -79.644316 43.594334, -79.6443118 43.5943313, -79.6440731 43.5945269, -79.6440622 43.5945199, -79.6440491 43.5945306, -79.6437064 43.5942778, -79.6437139 43.5942729, -79.6436402 43.5942269, -79.6436168 43.5942465, -79.643431 43.5941321, -79.6434098 43.5941438, -79.6433684 43.5941508, -79.6433224 43.5941419, -79.6433 43.5941242, -79.6432945 43.5940893, -79.643312 43.594061, -79.6431546 43.593962, -79.6430122 43.5940808, -79.6427233 43.5940972, -79.6426901 43.5940739, -79.6426408 43.5941174, -79.6426615 43.5941222, -79.6426708 43.5941307, -79.6426593 43.5941405, -79.6426295 43.5941488, -79.6425885 43.5941531, -79.6425606 43.5941529, -79.642522 43.59415, -79.6425085 43.5941403, -79.642514 43.5941292, -79.6425356 43.594123, -79.6424781 43.5940875, -79.6424467 43.5941174, -79.6418801 43.594148, -79.6418295 43.5941914, -79.6417897 43.594167, -79.6417661 43.5941872, -79.6417441 43.5941737, -79.6415325 43.5943548, -79.6415744 43.5943805, -79.6413664 43.5945585, -79.641324 43.5945325, -79.6412379 43.5946062, -79.6410923 43.5947308, -79.6408353 43.5949507, -79.6407565 43.5949024, -79.6407054 43.5948711, -79.6406583 43.5949114, -79.6405192 43.5948261, -79.6405678 43.5947845, -79.6403801 43.5946694, -79.6400397 43.5944607, -79.639953 43.5944076, -79.6408467 43.5936429, -79.6408716 43.5936582, -79.6409139 43.5936211, -79.6409612 43.5935816, -79.6408958 43.5935415, -79.6408836 43.5934045, -79.6409706 43.5933286, -79.6409996 43.5933255, -79.640998 43.5932952, -79.6409608 43.593297, -79.6409392 43.593285, -79.6409238 43.5932837, -79.640891 43.5932738, -79.6408636 43.5932524, -79.6408459 43.5932252, -79.6408436 43.5932022, -79.6408419 43.5931846, -79.6408416 43.593181, -79.640849 43.5931551, -79.6408751 43.5931248, -79.6409142 43.5931062, -79.6409219 43.5931051, -79.6409296 43.5930959, -79.6409301 43.5930543, -79.6408333 43.5929971, -79.6408305 43.5929338, -79.6408242 43.5929336, -79.6408219 43.5928888, -79.6407968 43.5928693, -79.6407886 43.5928242, -79.6407918 43.592781, -79.6407825 43.5927737, -79.6407955 43.5927623, -79.64081 43.5927504, -79.6408573 43.5927508, -79.6408975 43.5927157, -79.6408486 43.5926864, -79.6408422 43.592692, -79.6406423 43.5925721, -79.6406146 43.592575, -79.6404136 43.5924545, -79.6404163 43.5924312, -79.6402853 43.5923526, -79.6405635 43.5921092, -79.6405633 43.5920838, -79.6406283 43.592027, -79.6406075 43.5920145, -79.640652 43.5919768, -79.6406741 43.5919901, -79.6407346 43.5919372, -79.6407687 43.5919369, -79.6410477 43.5916928, -79.6411854 43.5917753, -79.641207 43.5917734, -79.6412935 43.5918253, -79.6414076 43.5918937, -79.6414064 43.5919125, -79.6414568 43.5919427, -79.6415159 43.591891, -79.6414934 43.5918775, -79.6415574 43.5918215, -79.6418118 43.5915989, -79.6418566 43.5915598, -79.6418271 43.5915421, -79.6419451 43.5914389, -79.642082 43.5913191, -79.6422185 43.5914009, -79.642219 43.5913725, -79.6422317 43.5913419, -79.6421751 43.5913214, -79.6422199 43.5912716, -79.6422828 43.591226, -79.6423259 43.5912639, -79.6423673 43.5912431, -79.6424569 43.591233, -79.6425544 43.5912385, -79.6425422 43.5912162, -79.6425045 43.5909063, -79.6426164 43.5908103, -79.6429156 43.5905537, -79.6435556 43.5909451, -79.6437335 43.5910539, -79.6436024 43.5911663, -79.6439426 43.5913744, -79.6439715 43.5913633, -79.6440849 43.5914058, -79.6442605 43.5912535, -79.6443348 43.5911973, -79.6443187 43.5911862, -79.6443722 43.5911457, -79.6442572 43.591163, -79.6442496 43.5911327, -79.6442492 43.5910874, -79.6442695 43.5910241, -79.6443185 43.5909684, -79.6443717 43.5909304, -79.6444294 43.5909053, -79.644508 43.5908895, -79.6446142 43.5908897, -79.6446957 43.5909084, -79.6447236 43.5909191, -79.6447772 43.5909216, -79.6448279 43.5909402, -79.6448702 43.590967, -79.6449997 43.5908562, -79.6450928 43.5909132, -79.6455771 43.59121, -79.645405 43.5913574, -79.6453782 43.5913409, -79.6453514 43.5913639, -79.6453585 43.5913682, -79.6450976 43.5915915, -79.6450899 43.5915868, -79.6450622 43.5916105, -79.6450893 43.5916271, -79.6449922 43.5917102, -79.6449268 43.5917662, -79.6449936 43.5918071, -79.6447139 43.5920465, -79.6447749 43.5920838, -79.6450745 43.5918274, -79.6453898 43.5920206, -79.6454108 43.5922299, -79.6456886 43.5922145, -79.6458457 43.5923119, -79.645868 43.5922932, -79.6459026 43.5923148, -79.6459347 43.5923349, -79.6459163 43.5923504, -79.6460368 43.5924258, -79.6460494 43.5925817, -79.6460664 43.5925808, -79.6460694 43.5926137, -79.6460738 43.592661, -79.6460629 43.5926615, -79.6460771 43.592815))",43.59270948792531,-79.64299137102617
442592212,2504,mall,Westwood Square,"POLYGON ((-79.6394027 43.7205337, -79.6393783 43.72056, -79.6393662 43.7205532, -79.638986 43.7208919, -79.6385716 43.7206458, -79.6385314 43.7206758, -79.6383396 43.720576, -79.6383763 43.7205423, -79.6378728 43.7202433, -79.6370432 43.7197556, -79.6370195 43.7197855, -79.6369424 43.7197361, -79.6368922 43.7197039, -79.6368147 43.719779, -79.6359243 43.7192462, -79.6360235 43.7191579, -79.6359457 43.7191269, -79.6359511 43.7190484, -79.6358639 43.7190484, -79.6356976 43.7189418, -79.6357553 43.7188895, -79.6356091 43.718808, -79.6355192 43.7188071, -79.6354884 43.7187887, -79.6353596 43.7189137, -79.6352778 43.7188652, -79.6353208 43.7188206, -79.6349385 43.7186103, -79.6348795 43.7186665, -79.6347494 43.7185938, -79.6348151 43.7185347, -79.6346784 43.7184494, -79.634976 43.7181955, -79.6351477 43.7181383, -79.6357271 43.7184736, -79.6357606 43.7184426, -79.6358352 43.7184868, -79.6360623 43.7186215, -79.6363982 43.7188207, -79.6366661 43.7189795, -79.6366931 43.7189555, -79.6367751 43.7190037, -79.6368657 43.7189214, -79.6369516 43.7189714, -79.6370188 43.7190105, -79.636998 43.7190265, -79.6370353 43.7190446, -79.6371147 43.7189713, -79.6372894 43.7190717, -79.6372101 43.7191367, -79.6374492 43.719282, -79.6374704 43.7192587, -79.6375169 43.7192849, -79.6375326 43.7192695, -79.6375763 43.7192935, -79.6376799 43.7193537, -79.6379185 43.7191534, -79.6382129 43.7193262, -79.6385052 43.7195006, -79.638154 43.7198265, -79.6381805 43.7198409, -79.6382129 43.7198585, -79.6383085 43.7197697, -79.6383708 43.7198101, -79.6388008 43.7200477, -79.6388049 43.720134, -79.6388291 43.7201329, -79.6388324 43.7202063, -79.6388681 43.72023, -79.6394027 43.7205337))",43.71949304262551,-79.63718302532752
659931817,2504,mall,Jane Sheppard Mall,"POLYGON ((-79.5129032 43.7406527, -79.5126942 43.7406917, -79.5126882 43.7406727, -79.5126112 43.7406867, -79.5126182 43.7407067, -79.5123412 43.7407569, -79.5120942 43.7408017, -79.5120852 43.7407747, -79.5121502 43.7407627, -79.5121072 43.7406357, -79.5120192 43.7406517, -79.5120002 43.7405967, -79.5118962 43.7406157, -79.5118052 43.7403497, -79.5117412 43.7403617, -79.5117222 43.7403077, -79.5116752 43.7403157, -79.5116472 43.7402357, -79.5116942 43.7402277, -79.5116312 43.7400437, -79.5115712 43.7400547, -79.5115352 43.7399517, -79.5119442 43.7398777, -79.5119252 43.7398207, -79.5120702 43.7397947, -79.5120892 43.7398507, -79.5121192 43.7398457, -79.5122352 43.7401827, -79.5122102 43.7401867, -79.5122162 43.7402037, -79.5122312 43.7401907, -79.5122752 43.7402228, -79.5123012 43.7402417, -79.5122782 43.7402587, -79.5127192 43.7401797, -79.5127422 43.7401877, -79.5128102 43.7403807, -79.5127852 43.7403847, -79.5127882 43.7403947, -79.5128212 43.7403887, -79.5128346 43.7404265, -79.5128422 43.7404477, -79.5128082 43.7404537, -79.5128122 43.7404657, -79.5128362 43.7404617, -79.5129032 43.7406527))",43.74034016689688,-79.51221145450978
660583567,2504,mall,Cedarbrae Mall,"POLYGON ((-79.231516 43.75736, -79.231349 43.757395, -79.231353 43.757405, -79.231189 43.757439, -79.231186 43.75743, -79.230225 43.757631, -79.230213 43.7576, -79.2301552 43.7576121, -79.229649 43.757718, -79.229774 43.758032, -79.22972 43.758102, -79.229216 43.758207, -79.22922 43.758217, -79.22892 43.7582836, -79.2285934 43.7583568, -79.228206 43.758443, -79.228118 43.758222, -79.2279354 43.7582581, -79.227838 43.758032, -79.227821 43.758035, -79.227815 43.75802, -79.227705 43.758043, -79.227703 43.758039, -79.2273802 43.7581068, -79.227052 43.758175, -79.227055 43.758182, -79.226528 43.758293, -79.226529 43.758297, -79.226109 43.758385, -79.226106 43.758379, -79.225605 43.758484, -79.225452 43.7581, -79.225703 43.758048, -79.225653 43.757924, -79.226852 43.757672, -79.227544 43.757527, -79.227522 43.757472, -79.227616 43.757452, -79.227628 43.75748, -79.227989 43.757404, -79.227999 43.757431, -79.228181 43.757393, -79.22817 43.757367, -79.228232 43.757354, -79.228243 43.75738, -79.228544 43.757317, -79.228534 43.757291, -79.228596 43.757278, -79.228606 43.757304, -79.228997 43.757222, -79.228985 43.757194, -79.229352 43.757117, -79.229478 43.757432, -79.229503 43.7574267, -79.22953 43.757421, -79.229415 43.757133, -79.229973 43.757016, -79.229996 43.757072, -79.230694 43.756926, -79.230662 43.756845, -79.230771 43.756822, -79.230803 43.756903, -79.2309467 43.7568762, -79.231275 43.756804, -79.231401 43.75712, -79.231419 43.757116, -79.231516 43.75736))",43.757702660577145,-79.22860139437705
661331801,2504,mall,Scarborough Town Centre,"POLYGON ((-79.260245 43.775801, -79.259577 43.7766983, -79.2592039 43.7765484, -79.259072 43.7764954, -79.2589506 43.7766449, -79.258901 43.776706, -79.2589664 43.7767476, -79.259112 43.7771382, -79.2592341 43.777406, -79.2586715 43.7775208, -79.2580576 43.777646, -79.2579447 43.7773389, -79.2579795 43.7773137, -79.2579551 43.7772531, -79.2579316 43.777195, -79.2578833 43.7772088, -79.2578029 43.7770089, -79.2578414 43.776998, -79.2578373 43.7769609, -79.2577319 43.7769187, -79.2574782 43.776817, -79.2573637 43.77696, -79.257148 43.777248, -79.256994 43.777278, -79.2566653 43.7771464, -79.2565601 43.7771043, -79.256337 43.777015, -79.256292 43.776905, -79.2564975 43.7766353, -79.256708 43.776359, -79.256839 43.7763464, -79.256777 43.776167, -79.256866 43.776151, -79.2568905 43.7761172, -79.256916 43.776082, -79.256748 43.776102, -79.256725 43.776044, -79.256858 43.775938, -79.256792 43.7759152, -79.256693 43.775881, -79.256613 43.775958, -79.25643 43.775846, -79.2563076 43.7758472, -79.256259 43.775845, -79.256265 43.775781, -79.256147 43.775763, -79.256145 43.775765, -79.256134 43.775776, -79.256126 43.775784, -79.256109 43.775798, -79.256097 43.775808, -79.256082 43.775819, -79.25607 43.775827, -79.256056 43.775837, -79.256042 43.775845, -79.256024 43.775855, -79.256007 43.775864, -79.255991 43.775872, -79.255974 43.775879, -79.255955 43.775887, -79.255942 43.775892, -79.255924 43.775898, -79.255905 43.775904, -79.25589 43.775908, -79.255874 43.775912, -79.255864 43.775915, -79.255843 43.775919, -79.255827 43.775923, -79.255812 43.775925, -79.255799 43.775927, -79.255776 43.77593, -79.255757 43.775931, -79.255734 43.775933, -79.255717 43.775933, -79.255708 43.775933, -79.255694 43.775933, -79.255678 43.775933, -79.25566 43.775932, -79.255642 43.775979, -79.255673 43.775979, -79.255674 43.775987, -79.25566 43.775987, -79.255626 43.775985, -79.255583 43.775984, -79.255552 43.7759814, -79.255536 43.77598, -79.255492 43.775976, -79.255456 43.775972, -79.25543 43.775967, -79.255427 43.775958, -79.2554 43.775952, -79.255377 43.775946, -79.255356 43.77594, -79.25533 43.775932, -79.255309 43.775924, -79.255291 43.775917, -79.255269 43.775907, -79.255255 43.7759, -79.255246 43.775895, -79.255234 43.775889, -79.255221 43.775881, -79.255209 43.775874, -79.25525 43.775845, -79.255233 43.775834, -79.255219 43.775824, -79.255208 43.775816, -79.255196 43.775806, -79.255183 43.775795, -79.255168 43.775781, -79.255157 43.775769, -79.255142 43.775753, -79.255129 43.775736, -79.255127 43.775732, -79.255118 43.77572, -79.255109 43.775705, -79.255099 43.775688, -79.255093 43.775675, -79.255088 43.775664, -79.255081 43.775644, -79.255075 43.775626, -79.255071 43.775609, -79.25507 43.775599, -79.255068 43.775584, -79.255066 43.775565, -79.255066 43.775552, -79.255067 43.775536, -79.255144 43.775537, -79.255141 43.775521, -79.25514 43.7755, -79.255141 43.775483, -79.255143 43.775459, -79.255147 43.775435, -79.255151 43.775421, -79.255157 43.7754, -79.255167 43.775375, -79.255178 43.775352, -79.25519 43.775331, -79.255205 43.775308, -79.255223 43.775285, -79.25524 43.775266, -79.255261 43.775245, -79.255282 43.775226, -79.255305 43.775208, -79.255312 43.775203, -79.2552887 43.775185, -79.255259 43.775162, -79.255063 43.775168, -79.2550599 43.7751038, -79.255056 43.775025, -79.256391 43.77497, -79.256483 43.775006, -79.2566014 43.7749814, -79.256996 43.7748993, -79.2571538 43.7748665, -79.2571903 43.7748216, -79.25731 43.774801, -79.2573536 43.7747896, -79.257438 43.774773, -79.258205 43.774612, -79.258222 43.774655, -79.2582992 43.7746386, -79.258401 43.774617, -79.2584479 43.7747535, -79.2586081 43.7752195, -79.258627 43.775267, -79.259067 43.775443, -79.25911 43.775553, -79.2591959 43.7755864, -79.259337 43.77561, -79.259359 43.775581, -79.259402 43.775639, -79.2597982 43.7757985, -79.259906 43.775661, -79.260245 43.775801))",43.77599854509461,-79.25769920709216
661920080,2504,mall,Bridlewood Mall,"POLYGON ((-79.319566 43.799613, -79.3192039 43.7997038, -79.318846 43.799791, -79.318839 43.799775, -79.318799 43.799809, -79.318642 43.79971, -79.318737 43.799631, -79.318705 43.79961, -79.318727 43.799592, -79.318692 43.799569, -79.318729 43.799538, -79.3187 43.799476, -79.318665 43.799485, -79.318483 43.799098, -79.318516 43.79909, -79.318451 43.798951, -79.318464 43.798931, -79.3184084 43.7989122, -79.318367 43.798898, -79.318365 43.798901, -79.318328 43.798888, -79.318243 43.798909, -79.318192 43.79889, -79.318064 43.79862, -79.317968 43.798585, -79.317785 43.798199, -79.317792 43.798188, -79.3177717 43.7981451, -79.317739 43.798076, -79.317724 43.798071, -79.3177037 43.7980279, -79.317593 43.797793, -79.317552 43.797803, -79.317359 43.797397, -79.317401 43.797386, -79.317396 43.797377, -79.317394 43.797378, -79.317286 43.79715, -79.318081 43.796953, -79.31806 43.796909, -79.318127 43.796893, -79.318555 43.797798, -79.318389 43.797839, -79.3183983 43.7978588, -79.3184119 43.7978878, -79.318434 43.797935, -79.318443 43.797937, -79.318603 43.798275, -79.3187 43.798309, -79.318881 43.798694, -79.318876 43.7987, -79.3189047 43.7987622, -79.318921 43.798794, -79.319152 43.798737, -79.319463 43.799397, -79.319472 43.799395, -79.319489 43.799431, -79.31948 43.799433, -79.319566 43.799613))",43.79834039872865,-79.31837829283977
661920993,2504,mall,,"POLYGON ((-79.307215 43.799801, -79.306999 43.800245, -79.306892 43.800218, -79.306775 43.800039, -79.306875 43.800004, -79.306976 43.799798, -79.306807 43.799431, -79.306881 43.799327, -79.306987 43.799302, -79.307215 43.799801))",43.7997797970754,-79.3069963163305
661957385,2504,mall,Agincourt Mall,"POLYGON ((-79.293804 43.784218, -79.293424 43.784303, -79.29344 43.78434, -79.293382 43.784354, -79.293358 43.784321, -79.293071 43.784386, -79.293074 43.784394, -79.2930431 43.7844011, -79.293013 43.784408, -79.29301 43.7844, -79.292332 43.784553, -79.292342 43.784577, -79.292444 43.784554, -79.292462 43.784596, -79.292333 43.784625, -79.292332 43.784622, -79.292294 43.78463, -79.292281 43.784601, -79.29232 43.784592, -79.292316 43.784583, -79.292297 43.784588, -79.292287 43.784565, -79.292253 43.784573, -79.292263 43.784596, -79.292267 43.784595, -79.292291 43.784652, -79.292256 43.78466, -79.292252 43.784651, -79.291381 43.784847, -79.291412 43.784919, -79.291116 43.784986, -79.291085 43.784914, -79.290523 43.785041, -79.290226 43.78435, -79.290799 43.784221, -79.290784 43.784187, -79.291365 43.784056, -79.291379 43.78409, -79.291956 43.78396, -79.29196 43.783971, -79.292743 43.783794, -79.292738 43.78378, -79.2927864 43.7837689, -79.292847 43.783755, -79.292797 43.783639, -79.293033 43.783586, -79.2930239 43.7835635, -79.293014 43.783539, -79.292993 43.783491, -79.293002 43.783489, -79.292823 43.783072, -79.292866 43.783062, -79.292793 43.782892, -79.293224 43.782795, -79.29324 43.78283, -79.29332 43.782812, -79.293357 43.782897, -79.293422 43.782901, -79.293473 43.783021, -79.293416 43.783034, -79.293423 43.783051, -79.293432 43.783049, -79.293509 43.783229, -79.293577 43.783238, -79.293628 43.783355, -79.293573 43.783367, -79.293593 43.783413, -79.293617 43.783469, -79.293563 43.783481, -79.293573 43.783504, -79.293503 43.78352, -79.293673 43.783916, -79.293686 43.783913, -79.2936944 43.7839321, -79.293704 43.783954, -79.293692 43.783957, -79.293804 43.784218))",43.78413652101539,-79.29218090648503
662142939,2504,mall,Parkway Mall,"POLYGON ((-79.314381 43.756348, -79.313917 43.756448, -79.313901 43.756452, -79.313979 43.756643, -79.313973 43.756644, -79.313992 43.756691, -79.313877 43.756716, -79.313882 43.75673, -79.313403 43.756834, -79.313397 43.756819, -79.313325 43.756834, -79.313328 43.756842, -79.3132873 43.7568513, -79.3128683 43.7569473, -79.3129334 43.7571001, -79.3130037 43.7572651, -79.3123672 43.7574003, -79.311795 43.757524, -79.3114487 43.7575894, -79.311377 43.7576074, -79.3115375 43.7579887, -79.311506 43.757991, -79.311284 43.75804, -79.311051 43.75809, -79.311022 43.75802, -79.310959 43.758033, -79.310932 43.757967, -79.310994 43.757954, -79.310886 43.757692, -79.310882 43.757692, -79.310823 43.757548, -79.310721 43.75757, -79.310719 43.757566, -79.310727 43.757565, -79.310713 43.757532, -79.310704 43.757534, -79.3106867 43.7574866, -79.310661 43.757429, -79.310671 43.757426, -79.310646 43.757366, -79.310638 43.757368, -79.310626 43.757338, -79.310771 43.757307, -79.31075 43.757255, -79.310761 43.757253, -79.310753 43.757234, -79.310741 43.757236, -79.310731 43.757213, -79.310878 43.757181, -79.310849 43.75711, -79.310947 43.757088, -79.310971 43.757083, -79.310977 43.757099, -79.311463 43.756994, -79.311446 43.756952, -79.311504 43.75694, -79.311505 43.756942, -79.3121179 43.7568095, -79.312703 43.756683, -79.312726 43.756738, -79.312945 43.75669, -79.312918 43.756627, -79.312957 43.756618, -79.312923 43.756535, -79.313125 43.756492, -79.313057 43.756326, -79.313164 43.756303, -79.313181 43.756345, -79.31363 43.756248, -79.313613 43.756207, -79.313693 43.75619, -79.313783 43.75617, -79.31377 43.756136, -79.313856 43.7561, -79.31389 43.756141, -79.313895 43.756137, -79.314084 43.756096, -79.314073 43.756068, -79.314133 43.756055, -79.314145 43.756083, -79.314261 43.756058, -79.314381 43.756348))",43.757045392730426,-79.3123137938438
662538570,2504,mall,CF Fairview Mall,"POLYGON ((-79.3467816 43.7767933, -79.3467806 43.7767956, -79.3466967 43.7769911, -79.3466946 43.7769906, -79.3466926 43.7769886, -79.3466892 43.7770001, -79.3466773 43.7769983, -79.3466661 43.7770014, -79.3466581 43.7770084, -79.3466543 43.7770168, -79.3466295 43.7770724, -79.3466252 43.7770819, -79.3466259 43.7770907, -79.3466328 43.7770978, -79.3466467 43.7771011, -79.3466426 43.7771026, -79.3466421 43.777111, -79.3466445 43.7771116, -79.3464666 43.7774974, -79.3461189 43.7776272, -79.3460767 43.7777126, -79.3461642 43.7778351, -79.3461521 43.7778608, -79.3461553 43.7778616, -79.3461486 43.7778758, -79.3461305 43.7778825, -79.3461293 43.7778808, -79.3460788 43.7778995, -79.3452617 43.7782014, -79.3454165 43.7784198, -79.345444 43.7784096, -79.3454589 43.7784307, -79.3453985 43.778453, -79.3453275 43.7783527, -79.3453151 43.7783573, -79.3450855 43.7784421, -79.3452068 43.7786133, -79.344904 43.7787252, -79.3445422 43.7788588, -79.3444612 43.7787446, -79.344404 43.7787657, -79.3443521 43.7787849, -79.3436426 43.779047, -79.3434798 43.7790069, -79.3434605 43.7790021, -79.343383 43.778983, -79.343365 43.7789577, -79.3430388 43.7785003, -79.3429589 43.7783882, -79.3428408 43.7782226, -79.3428406 43.7782224, -79.3426244 43.777919, -79.3425684 43.7778406, -79.3426013 43.7778284, -79.3425927 43.7778163, -79.3425875 43.777809, -79.3425874 43.777809, -79.3425234 43.7778324, -79.3423763 43.7776223, -79.3423911 43.7776169, -79.3423399 43.7775439, -79.3423243 43.7775496, -79.342097 43.7772251, -79.342095 43.7772106, -79.3421104 43.777196, -79.3425585 43.7770311, -79.3425649 43.7770402, -79.3425779 43.7770354, -79.342659 43.7770056, -79.3426668 43.7770027, -79.3426602 43.7769934, -79.3431315 43.7768199, -79.3433285 43.7770988, -79.3433169 43.777103, -79.3433539 43.7771554, -79.3433654 43.7771512, -79.3435678 43.7774374, -79.3435054 43.7774604, -79.3435176 43.7774776, -79.3435304 43.7774958, -79.3435628 43.7775416, -79.3436249 43.7776294, -79.343635 43.7776437, -79.3436756 43.7776287, -79.3437173 43.7776134, -79.3437547 43.7775996, -79.3441665 43.7774478, -79.3443341 43.7773861, -79.3444943 43.777327, -79.3446429 43.7772723, -79.3446938 43.7772535, -79.3448568 43.7771934, -79.3449436 43.7771615, -79.3451149 43.7770983, -79.3452205 43.7770594, -79.3452802 43.7771439, -79.3455022 43.777062, -79.3455869 43.7770308, -79.345498 43.776905, -79.3456692 43.7765084, -79.3456703 43.776508, -79.3459423 43.7764079, -79.3459434 43.7764094, -79.3459533 43.7764058, -79.3459538 43.7764039, -79.3459549 43.7764026, -79.3459563 43.7764017, -79.3459583 43.7764014, -79.3459603 43.7764012, -79.3459621 43.7764018, -79.3459641 43.7764024, -79.3459652 43.7764042, -79.3459648 43.7764062, -79.345963 43.7764079, -79.3459898 43.7764447, -79.3459921 43.7764452, -79.3461994 43.7764929, -79.3461984 43.7764952, -79.3462128 43.7764985, -79.3462123 43.7765083, -79.3462174 43.7765151, -79.3462175 43.7765151, -79.3462262 43.7765199, -79.3462262 43.77652, -79.3462377 43.7765227, -79.3462971 43.7765366, -79.3463093 43.7765396, -79.3463288 43.776544, -79.3463293 43.7765441, -79.3463412 43.7765429, -79.3463412 43.7765428, -79.3463511 43.7765379, -79.3463549 43.7765297, -79.3463683 43.7765329, -79.3463692 43.7765309, -79.3466413 43.7765962, -79.3466418 43.7765965, -79.3467816 43.7767933))",43.7777442887339,-79.34445201278723
662761068,2504,mall,Golden Mile Mall,"POLYGON ((-79.300509 43.726217, -79.300184 43.726288, -79.300407 43.726827, -79.3001062 43.7268927, -79.300036 43.726908, -79.299301 43.727067, -79.299102 43.726987, -79.29897 43.726666, -79.298812 43.7267, -79.298767 43.726592, -79.2988463 43.7265749, -79.298925 43.726558, -79.298629 43.725839, -79.298548 43.7258567, -79.298501 43.725867, -79.298458 43.725763, -79.298378 43.72578, -79.298343 43.725695, -79.298367 43.72569, -79.298362 43.72568, -79.29848 43.725654, -79.298484 43.725664, -79.29852 43.725657, -79.298516 43.725646, -79.298635 43.72562, -79.298639 43.725631, -79.298674 43.725623, -79.29867 43.725613, -79.298789 43.725587, -79.298793 43.725597, -79.29883 43.725589, -79.298826 43.725579, -79.298945 43.725553, -79.298949 43.725563, -79.298985 43.725556, -79.298981 43.725545, -79.2991 43.72552, -79.299104 43.72553, -79.299138 43.725522, -79.299134 43.725512, -79.299253 43.725486, -79.299257 43.725497, -79.299293 43.725489, -79.299289 43.725479, -79.299408 43.725453, -79.299412 43.725463, -79.299425 43.72546, -79.299421 43.72545, -79.299532 43.725426, -79.299543 43.72543, -79.299562 43.725403, -79.299615 43.725392, -79.299743 43.725441, -79.299759 43.725478, -79.299735 43.72551, -79.299758 43.725565, -79.299816 43.725553, -79.299821 43.725566, -79.299879 43.725554, -79.2999972 43.7258406, -79.300046 43.725959, -79.300373 43.725888, -79.3004446 43.7260599, -79.300509 43.726217))",43.72622559858469,-79.29949728763314
662762239,2504,mall,Eglinton Square,"POLYGON ((-79.301257 43.72311, -79.301061 43.723206, -79.301069 43.723215, -79.300977 43.72326, -79.300968 43.723251, -79.300804 43.723332, -79.3007586 43.7234432, -79.300724 43.723528, -79.300751 43.723557, -79.30078 43.723543, -79.300822 43.723588, -79.30079 43.723604, -79.300842 43.723661, -79.2999115 43.7241146, -79.299 43.724559, -79.298951 43.724506, -79.298926 43.724518, -79.298924 43.724519, -79.298882 43.724474, -79.298808 43.724394, -79.298806 43.724395, -79.298782 43.72437, -79.298787 43.724367, -79.2986948 43.7243486, -79.298601 43.724328, -79.298346 43.724453, -79.298337 43.72449, -79.298255 43.72453, -79.298144 43.724514, -79.298093 43.724459, -79.298104 43.724419, -79.297809 43.724101, -79.297873 43.72407, -79.297882 43.72408, -79.298046 43.724, -79.2980315 43.7239685, -79.298005 43.723911, -79.298147 43.723842, -79.298217 43.723917, -79.298318 43.723868, -79.298419 43.723977, -79.298643 43.723884, -79.298554 43.723771, -79.298607 43.723749, -79.298577 43.723711, -79.298486 43.723749, -79.298378 43.723612, -79.298484 43.723568, -79.298476 43.723557, -79.298517 43.723454, -79.2985 43.723431, -79.298508 43.723411, -79.298541 43.723398, -79.29854 43.723395, -79.298573 43.723382, -79.298561 43.723367, -79.2986 43.723351, -79.298612 43.723365, -79.298853 43.723265, -79.2989282 43.7232321, -79.298992 43.723207, -79.299307 43.723076, -79.299338 43.723116, -79.299442 43.723072, -79.299472 43.723111, -79.299533 43.723085, -79.299603 43.723056, -79.299624 43.723083, -79.299745 43.723235, -79.299778 43.72322, -79.299967 43.723127, -79.300009 43.723172, -79.300039 43.723157, -79.299994 43.723108, -79.300104 43.723054, -79.300149 43.723103, -79.300298 43.723263, -79.300397 43.723214, -79.300365 43.72318, -79.300451 43.723138, -79.300304 43.72298, -79.300236 43.722907, -79.300087 43.722746, -79.300872 43.722428, -79.300944 43.722412, -79.30098 43.722497, -79.301068 43.722705, -79.301082 43.722702, -79.301115 43.722782, -79.301102 43.722785, -79.301231 43.723092, -79.301249 43.723089, -79.301257 43.72311))",43.72360047032164,-79.29961551280503
727868314,2504,mall,Scarborough Town Centre,"POLYGON ((-79.2588083 43.775991, -79.2584704 43.776448, -79.25821 43.7765587, -79.2573693 43.7762718, -79.2578656 43.7756336, -79.2588083 43.775991))",43.776117871650506,-79.25808979598929
13855946,2504,mall,黃金廣場,"MULTIPOLYGON (((-79.6622355 43.5677074, -79.6621307 43.5678007, -79.6620222 43.5677356, -79.6611423 43.5685027, -79.6606757 43.568221, -79.6604313 43.5680735, -79.6604841 43.5679488, -79.6602552 43.5678957, -79.6602195 43.5679799, -79.6598276 43.5678921, -79.6599738 43.5675458, -79.6600948 43.5675728, -79.6601229 43.5676105, -79.6601119 43.567636, -79.6601737 43.56765, -79.6602657 43.5676121, -79.6602819 43.5675712, -79.6602466 43.5675633, -79.6602189 43.5675259, -79.6603486 43.5672226, -79.6603993 43.5672022, -79.6606394 43.5672566, -79.6606487 43.5672349, -79.6607767 43.567265, -79.6607678 43.5672857, -79.6610067 43.5673398, -79.6610337 43.5673768, -79.6608636 43.5677783, -79.6608145 43.567798, -79.6607807 43.5677901, -79.6607602 43.5678353, -79.6607929 43.5678994, -79.660839 43.5679262, -79.660864 43.5679054, -79.6609239 43.5679033, -79.6609965 43.5679468, -79.6610761 43.5679944, -79.6610827 43.5680383, -79.6610593 43.5680583, -79.6610951 43.5680802, -79.6612164 43.5680739, -79.6612477 43.5680458, -79.661223 43.5680311, -79.6612174 43.5679875, -79.6613992 43.5678287, -79.6614571 43.5678262, -79.661482 43.5678428, -79.6616615 43.5676877, -79.6616338 43.5676697, -79.6616313 43.5676278, -79.6617471 43.5675266, -79.6618035 43.5675217, -79.661851 43.5675516, -79.661905 43.5675061, -79.6619649 43.5675025, -79.6622305 43.5676638, -79.6622355 43.5677074)), ((-79.6598301 43.5675137, -79.6596992 43.5678223, -79.6592712 43.5675762, -79.6592812 43.5675518, -79.6592428 43.5675431, -79.6592694 43.5674803, -79.6590434 43.5674273, -79.659185 43.5670895, -79.6592373 43.5670666, -79.6592942 43.5670796, -79.6593295 43.566994, -79.6593823 43.5669737, -79.6597464 43.5670578, -79.6597733 43.567094, -79.6596427 43.5673968, -79.6595931 43.5674154, -79.6595572 43.5674074, -79.6595369 43.5674551, -79.6595814 43.5675183, -79.6596484 43.5675323, -79.6596592 43.5675029, -79.6597032 43.5674854, -79.6598301 43.5675137)))",43.567709283373766,-79.6605668932122
1111649334,2504,mall,Kipling-Queensway Mall,"POLYGON ((-79.525109 43.620021, -79.524776 43.620095, -79.524635 43.619758, -79.5240056 43.6198731, -79.523984 43.619843, -79.523315 43.620021, -79.523376 43.620154, -79.522399 43.620444, -79.5219558 43.6194076, -79.523337 43.6192199, -79.523405 43.619387, -79.524392 43.619185, -79.524501 43.61936, -79.5248102 43.6192907, -79.525109 43.620021))",43.6197087149468,-79.52337823322769
